datetime,tweet_id,text,username,ticker_symbol
2016-12-03 02:45:16+00:00,804879143645102080,"Insider Selling: Walgreens Boots Alliance Inc. $WBA EVP Sells $484,785.00 in Stock https://t.co/HqEA4Y9vgX",TickerReport,wba
2016-12-03 02:43:14+00:00,804878633785556992,"Insider Selling: Walgreens Boots Alliance Inc. $WBA EVP Sells $484,785.00 in Stock https://t.co/5nrnNJT7FD",TickerReport,wba
2016-11-30 03:53:22+00:00,803809117081047040,"Walgreens Boots Alliance Inc. (WBA) EVP Sells $484,785.00 in Stock https://t.co/f8ZiEd1zy7",CFinancialNews,wba
2016-11-14 22:26:01+00:00,798290920848228352,Walgreens Boots Alliance Inc. (WBA) Given a $90.00 Price Target at #LeerinkSwann. Read more: https://t.co/JSMjZrtsHm,bfsi_financial,wba
2016-11-14 22:26:01+00:00,798290920793722880,Walgreens Boots Alliance Inc. (WBA) Given a $90.00 Price Target at #LeerinkSwann. Read more: https://t.co/8g5GfNO2H5,bfsi_ibb,wba
2016-11-14 11:48:16+00:00,798130423436115968,Walgreens Boots Alliance Inc. $WBA Given a $95.00 Price Target at Jefferies Group https://t.co/3qaOyqZr56,WKRBNews,wba
2016-11-14 11:45:21+00:00,798129689978093568,Walgreens Boots Alliance Inc. $WBA Given a $95.00 Price Target at Jefferies Group https://t.co/mIg8u4d6s6,WKRBNews,wba
2016-11-14 11:43:31+00:00,798129229540028416,Walgreens Boots Alliance Inc. $WBA Given a $90.00 Price Target at Leerink Swann https://t.co/0IfYV2FXl1,intercooleronli,wba
2016-11-11 13:18:40+00:00,797066011056934912,Jefferies Group Analysts Give Walgreens Boots Alliance Inc. (WBA) a $95.00 Price Target https://t.co/eQwfHjEK3a,CFinancialNews,wba
2016-11-11 13:18:40+00:00,797066009253478400,Leerink Swann Analysts Give Walgreens Boots Alliance Inc. (WBA) a $90.00 Price Target https://t.co/LhQsttW15m,CFinancialNews,wba
2016-11-11 08:09:32+00:00,796988215525834752,Jefferies Group Analysts Give Walgreens Boots Alliance Inc. $WBA a $95.00 Price Target https://t.co/wqijVRzdZu,dailypoliticaln,wba
2016-11-11 08:08:16+00:00,796987895315918852,Leerink Swann Analysts Give Walgreens Boots Alliance Inc. $WBA a $90.00 Price Target https://t.co/7DVPKXF7iv,TickerReport,wba
2016-11-11 08:03:16+00:00,796986638966685696,Leerink Swann Analysts Give Walgreens Boots Alliance Inc. $WBA a $90.00 Price Target https://t.co/TLREPhVfOe,TickerReport,wba
2016-11-09 20:35:57+00:00,796451280096874496,Walgreens Boots Alliance Inc. (WBA) Given a $95.00 Price Target at #Jefferies Group. Read more: https://t.co/uEqbpufP5y,bfsi_ibb,wba
2016-11-09 20:34:06+00:00,796450814013292544,#Jefferies Group Reiterates $95.00 Price Target for Walgreens Boots Alliance Inc. (WBA). Read more: https://t.co/qnLVOgqF5e,bfsi_ibb,wba
2016-11-09 20:33:29+00:00,796450658685550592,Walgreens Boots Alliance Inc. (WBA) Given a $95.00 Price Target at #Jefferies Group. Read more: https://t.co/q1WZVKNnvg,asset_mgt,wba
2016-11-09 20:33:29+00:00,796450658673004545,Walgreens Boots Alliance Inc. (WBA) PT Set at $95.00 by #Jefferies Group. Read more: https://t.co/EvZ1uGKn3p,bfsi_ibb,wba
2016-11-09 20:32:51+00:00,796450503366316032,Walgreens Boots Alliance Inc. (WBA) PT Set at $90.00 by #LeerinkSwann. Read more: https://t.co/Lf3mI8Ho0T,bfsi_financial,wba
2016-11-09 20:32:51+00:00,796450503336955904,#Jefferies Group Reiterates $95.00 Price Target for Walgreens Boots Alliance Inc. (WBA). Read more: https://t.co/Jhu1jDWsqp,asset_mgt,wba
2016-11-09 20:32:51+00:00,796450503295004672,Walgreens Boots Alliance Inc. (WBA) PT Set at $90.00 by #LeerinkSwann. Read more: https://t.co/NYcVmLuO6d,bfsi_ibb,wba
2016-11-09 20:32:14+00:00,796450348101668865,Walgreens Boots Alliance Inc. (WBA) Given a $90.00 Price Target by #LeerinkSwann Analysts. Read more: https://t.co/pYqDZAmH18,bfsi_ibb,wba
2016-11-09 20:32:14+00:00,796450348000870400,Walgreens Boots Alliance Inc. (WBA) Given a $90.00 Price Target by #LeerinkSwann Analysts. Read more: https://t.co/lElX1ZA9WC,bfsi_financial,wba
2016-11-09 20:32:14+00:00,796450347925372928,Walgreens Boots Alliance Inc. (WBA) PT Set at $95.00 by #Jefferies Group. Read more: https://t.co/DkTP52Q7eZ,asset_mgt,wba
2016-11-09 20:22:10+00:00,796447814020694016,Walgreens Boots Alliance Inc. $WBA PT Set at $90.00 by Leerink Swann https://t.co/mRs6jgceBE,WKRBNews,wba
2016-10-27 12:57:57+00:00,791624981016879104,Walgreens Boots Alliance Inc. $WBA Given a $79.00 Price Target by Barclays PLC Analysts https://t.co/KIGwCsvtQz,intercooleronli,wba
2016-10-26 15:05:18+00:00,791294641186439168,Barclays PLC Analysts Give Walgreens Boots Alliance Inc. $WBA a $79.00 Price Target https://t.co/ftINtv8KJz,MarketBeatCom,wba
2016-10-26 13:01:09+00:00,791263398520553472,Barclays PLC Analysts Give Walgreens Boots Alliance Inc. $WBA a $79.00 Price Target https://t.co/nwwlY3GxbU,midetimes,wba
2016-10-26 09:41:12+00:00,791213079791017984,Walgreens Boots Alliance Inc. $WBA Price Target Cut to $88.00 by Analysts at Deutsche Bank AG https://t.co/YQUkOMYJRD,midetimes,wba
2016-10-25 12:43:47+00:00,790896639737262080,Walgreens Boots Alliance Inc. $WBA PT Set at $79.00 by Barclays PLC https://t.co/x56TJ9kB2A,WatchlistN,wba
2016-10-25 12:31:33+00:00,790893560174346240,Deutsche Bank AG Cuts Walgreens Boots Alliance Inc. $WBA Price Target to $88.00 https://t.co/UmwDtLIFYA,WKRBNews,wba
2016-10-25 12:24:39+00:00,790891825393438720,Deutsche Bank AG Cuts Walgreens Boots Alliance Inc. $WBA Price Target to $88.00 https://t.co/dA2ThByqtH,WKRBNews,wba
2016-10-24 20:46:27+00:00,790655717921304576,Walgreens Boots Alliance Inc. (WBA) Given a $95.00 Price Target by #Jefferies Group Analysts. Read more: https://t.co/RPquiIvZwK,bfsi_ibb,wba
2016-10-24 20:46:27+00:00,790655717870964736,Walgreens Boots Alliance Inc. (WBA) Given a $95.00 Price Target by #Jefferies Group Analysts. Read more: https://t.co/KQyHahVHFn,asset_mgt,wba
2016-10-24 14:43:37+00:00,790564409638850560,Walgreens Boots Alliance Inc. $WBA Given a $79.00 Price Target at Barclays PLC https://t.co/x9ukOzl1Da,TickerReport,wba
2016-10-24 14:43:33+00:00,790564390831525888,Walgreens Boots Alliance Inc. $WBA Given a $79.00 Price Target at Barclays PLC https://t.co/DsN0fI0KDv,TickerReport,wba
2016-10-24 13:30:55+00:00,790546111303917568,Deutsche Bank AG Lowers Walgreens Boots Alliance Inc. (WBA) Price Target to $88.00 ‚Äì Community Financial News https://t.co/V4oEEBPHlz,kitimi2,wba
2016-10-24 12:32:18+00:00,790531361836765185,Deutsche Bank AG Lowers Walgreens Boots Alliance Inc. (WBA) Price Target to $88.00 https://t.co/j6cpRq42WM,CFinancialNews,wba
2016-10-24 10:55:18+00:00,790506948244348928,#DeutscheBankAG Lowers Walgreens Boots Alliance Inc. (WBA) Price Target to $88.00. Read more: https://t.co/ZyLZFJxYGZ $DB,bfsi_financial,wba
2016-10-24 10:28:01+00:00,790500082860777472,#DeutscheBankAG Lowers Walgreens Boots Alliance Inc. (WBA) Price Target to $88.00. Read more: https://t.co/uIk9rNEIGA $DB,bfsi_ibb,wba
2016-10-24 10:21:09+00:00,790498354702626817,#DeutscheBankAG Lowers Walgreens Boots Alliance Inc. (WBA) Price Target to $88.00. Read more: https://t.co/2wyPlV90Os $DB,financ_mortgage,wba
2016-10-23 06:37:37+00:00,790079715696488449,"SELL #Walgreens Boots Alliance, Inc., $WBA. Target: 81.57 (0.00%).
 https://t.co/KuL6xyuOoy  #trading #stocks #investing",Accept_Ethereum,wba
2016-10-21 23:24:52+00:00,789608420676632576,Walgreens Boots Alliance Inc. $WBA Given a $79.00 Price Target by Barclays PLC Analysts https://t.co/iVOOihxBFF,dailypoliticaln,wba
2016-10-20 19:46:42+00:00,789191131573518337,#DeutscheBankAG Trims Walgreens Boots Alliance Inc. (WBA) Target Price to $88.00. Read more: https://t.co/nPXlq5boSG $DB,bfsi_financial,wba
2016-10-20 19:46:05+00:00,789190976191418368,#DeutscheBankAG Trims Walgreens Boots Alliance Inc. (WBA) Target Price to $88.00. Read more: https://t.co/mxT9TToTeY $DB,bfsi_ibb,wba
2016-10-20 19:46:05+00:00,789190976174559232,#DeutscheBankAG Trims Walgreens Boots Alliance Inc. (WBA) Target Price to $88.00. Read more: https://t.co/7BIl9MHfU5 $DB,financ_mortgage,wba
2016-10-20 19:18:18+00:00,789183984206884864,Walgreens Boots Alliance Inc. (WBA) Price Target Cut to $88.00 by Analysts at #DeutscheBankAG. Read more: https://t.co/TCVy96OBjx $DB,financ_mortgage,wba
2016-10-20 19:18:18+00:00,789183984055955456,Walgreens Boots Alliance Inc. (WBA) Price Target Cut to $88.00 by Analysts at #DeutscheBankAG. Read more: https://t.co/L0DVQvsby0 $DB,bfsi_financial,wba
2016-10-20 19:18:18+00:00,789183983460372480,Walgreens Boots Alliance Inc. (WBA) Price Target Cut to $88.00 by Analysts at #DeutscheBankAG. Read more: https://t.co/quZ8wqtSYs $DB,bfsi_ibb,wba
2016-10-20 18:50:16+00:00,789176928112484352,Walgreens Boots Alliance Inc. $WBA Price Target Cut to $88.00 by Analysts at Deutsche Bank AG https://t.co/S2J284YpCA,intercooleronli,wba
2016-10-20 18:47:59+00:00,789176355455799297,Walgreens Boots Alliance Inc. $WBA Price Target Cut to $88.00 by Analysts at Deutsche Bank AG https://t.co/Tcx4bG2MV8,WatchlistN,wba
2016-12-31 12:54:12+00:00,815179246960308224,"https://t.co/PcRnwXFyO9 Inc $CRM Chairman Sells $857,750.00 in Stock https://t.co/3IFORHuxr1",MarketBeatCom,crm
2016-12-31 10:47:05+00:00,815147256072519680,"https://t.co/DwMcqrtmL5 Inc $CRM Chairman Sells $857,750.00 in Stock https://t.co/ZOlU4pFDtL",midetimes,crm
2016-12-31 07:31:40+00:00,815098080253136897,Stocks: https://t.co/HUyommSozW Inc. (CRM) CEO Sold $873250.00 in Stock - DailyQuint https://t.co/ALHflom2Ya #CRM [US],mp_InsurTech,crm
2016-12-31 06:12:44+00:00,815078214125109248,Stocks: https://t.co/HUyommSozW Inc. (CRM) CEO Sold $873250.00 in Stock - DailyQuint https://t.co/A6TljIP3eC #CRM [US],mp_InsurTech,crm
2016-12-31 04:53:53+00:00,815058370814242816,Stocks: https://t.co/HUyommSozW Inc. (CRM) CEO Sold $873250.00 in Stock - DailyQuint https://t.co/QRL2Fte7i7 #CRM [US],mp_InsurTech,crm
2016-12-31 03:37:10+00:00,815039065842192384,RT mpucher_CRM Stocks: https://t.co/WmDpbmuXYd Inc. (CRM) CEO Sold $873250.00 in Stock - DailyQuint https://t.co/UhnQEyMF3L #CRM [US],boundoxy,crm
2016-12-31 03:27:44+00:00,815036691866066944,Stocks: https://t.co/HUyommSozW Inc. (CRM) CEO Sold $873250.00 in Stock - DailyQuint https://t.co/kQ5eKEecuR #CRM [US],mp_InsurTech,crm
2016-12-31 02:54:12+00:00,815028251005485056,Stocks: https://t.co/HUyommSozW Inc. (CRM) CEO Sold $873250.00 in Stock - DailyQuint https://t.co/aK7SckyoOY #CRM [US],mp_InsurTech,crm
2016-12-28 20:47:45+00:00,814211255376420864,Insider Selling: https://t.co/HUyommSozW Inc. (CRM) Chairman Sells $872375.00 in Stock - The Cerbat Gem https://t.co/OwwUVYOO0Y #CRM [US],mp_InsurTech,crm
2016-12-28 19:29:02+00:00,814191446869807104,Insider Selling: https://t.co/HUyommSozW Inc. (CRM) Chairman Sells $872375.00 in Stock - The Cerbat Gem https://t.co/UuHVqZ2GB1 #CRM [US],mp_InsurTech,crm
2016-12-28 18:11:49+00:00,814172015393443840,Insider Selling: https://t.co/HUyommSozW Inc. (CRM) Chairman Sells $872375.00 in Stock - The Cerbat Gem https://t.co/1OUYgoxLAl #CRM [US],mp_InsurTech,crm
2016-12-28 16:53:59+00:00,814152425795895296,Insider Selling: https://t.co/HUyommSozW Inc. (CRM) Chairman Sells $872375.00 in Stock - The Cerbat Gem https://t.co/CPTabnIbcb #CRM [US],mp_InsurTech,crm
2016-12-28 15:34:02+00:00,814132308936687618,Insider Selling: https://t.co/HUyommSozW Inc. (CRM) Chairman Sells $872375.00 in Stock - The Cerbat Gem https://t.co/lYCN7VR6b8 #CRM [US],mp_InsurTech,crm
2016-12-28 14:14:50+00:00,814112377130065920,Insider Selling: https://t.co/HUyommSozW Inc. (CRM) Chairman Sells $872375.00 in Stock - The Cerbat Gem https://t.co/UA2rfbo1gV #CRM [US],mp_InsurTech,crm
2016-12-28 13:22:06+00:00,814099104603242496,"Insider Selling: https://t.co/PcRnwXFyO9 Inc. $CRM Chairman Sells $872,375.00 in Stock https://t.co/ouH9cyKcv2",MarketBeatCom,crm
2016-12-26 05:54:02+00:00,813261570897809409,Stocks Today: The https://t.co/HUyommSozW Inc. (CRM) Chairman Sold $928375.00 in Stock - DailyQuint https://t.co/Sq5UyDZWbE #CRM [US],mp_InsurTech,crm
2016-12-23 15:37:36+00:00,812321264161423360,"https://t.co/DwMcqrtmL5 Inc. $CRM Chairman Sells $872,375.00 in Stock https://t.co/mtaAr31OlF",midetimes,crm
2016-12-23 02:33:44+00:00,812123997156626434,The Cowen and Company Analysts Give https://t.co/HUyommSozW Inc. (CRM) a $95.00 Price Target - DailyQuint https://t.co/zkemYNxmDZ #CRM [US],mp_InsurTech,crm
2016-12-23 01:05:35+00:00,812101813377859584,The Cowen and Company Analysts Give https://t.co/HUyommSozW Inc. (CRM) a $95.00 Price Target - DailyQuint https://t.co/cxgBtSkHyl #CRM [US],mp_InsurTech,crm
2016-12-22 23:37:46+00:00,812079715381104641,The Cowen and Company Analysts Give https://t.co/HUyommSozW Inc. (CRM) a $95.00 Price Target - DailyQuint https://t.co/WIM0IpcmVi #CRM [US],mp_InsurTech,crm
2016-12-22 22:10:47+00:00,812057826550018049,The Cowen and Company Analysts Give https://t.co/HUyommSozW Inc. (CRM) a $95.00 Price Target - DailyQuint https://t.co/6GFYhVPQar #CRM [US],mp_InsurTech,crm
2016-12-22 03:32:44+00:00,811776459631132672,"https://t.co/PcRnwXFyO9 Inc. $CRM CEO Sells $873,250.00 in Stock https://t.co/t0Syb72ksc",MarketBeatCom,crm
2016-12-22 00:35:04+00:00,811731747503108096,"https://t.co/Tt25zxJRr6 Inc. (CRM) Chairman Sells $1,740,000.00 in Stock   https://t.co/88FEwhaLtG #salesforce #crm",vitalconsulting,crm
2016-12-21 13:54:53+00:00,811570638527877120,"Insider Selling: https://t.co/KJwP0aeLH3 Inc. (CRM) Chairman Sells $874,625.00 in Stock https://t.co/BmakTtdX0o",CFinancialNews,crm
2016-12-21 12:55:46+00:00,811555764196298753,"https://t.co/PcRnwXFyO9 Inc. $CRM Chairman Sells $1,740,000.00 in Stock https://t.co/QoudAHrzp1",MarketBeatCom,crm
2016-12-21 11:53:38+00:00,811540128569159681,"https://t.co/LoIDcMg14X Inc. $CRM Chairman Sells $884,750.00 in Stock https://t.co/MzLOniCqgp",WatchlistN,crm
2016-12-21 11:49:19+00:00,811539041594310657,"Insider Selling: https://t.co/OZnnsKKOiI Inc. $CRM Chairman Sells $874,625.00 in Stock https://t.co/VkoM8WbqJ5",WKRBNews,crm
2016-12-21 11:47:29+00:00,811538579021303808,"Insider Selling: https://t.co/zRL1K1krE9 Inc. $CRM Chairman Sells $874,625.00 in Stock https://t.co/uPwRXfpBvS",WKRBNews,crm
2016-12-21 11:40:13+00:00,811536750812270593,"https://t.co/cQ7Ny4y2K6 Inc. (CRM) Chairman Sells $884,750.00 in Stock https://t.co/su9oSTZphA",WatchlistN,crm
2016-12-21 09:17:38+00:00,811500868767981568,"https://t.co/JdRop8mXyL Inc. $CRM Chairman Sells $1,740,000.00 in Stock https://t.co/xLQH1zQxvj",dailypoliticaln,crm
2016-12-21 09:12:54+00:00,811499677908664320,"https://t.co/JdRop8mXyL Inc. $CRM Chairman Sells $1,740,000.00 in Stock https://t.co/79IbRoMReq",dailypoliticaln,crm
2016-12-19 16:05:34+00:00,810878750149804032,Insider Selling: https://t.co/HUyommSozW Inc. (CRM) Chairman Sells $893125.00 in Stock - The Cerbat Gem https://t.co/w6JZymQQ5B #CRM [US],mp_InsurTech,crm
2016-12-19 14:50:31+00:00,810859866441089024,Insider Selling: https://t.co/HUyommSozW Inc. (CRM) Chairman Sells $893125.00 in Stock - The Cerbat Gem https://t.co/v7Ro8nq1OP #CRM [US],mp_InsurTech,crm
2016-12-19 11:50:51+00:00,810814649805504512,"Position Title: Salesforce Developer
Project Location: Bangalore
Exp. Level: 3.00-5.00
2+ years https://t.co/TD9nwKBfRf development experie‚Ä¶",BAAKS2014,crm
2016-12-15 14:37:47+00:00,809407108852551680,"https://t.co/FnGHtZ2t6i Inc. (CRM) Chairman Sells $893,125.00 in Stock https://t.co/TWmaJAfP8t",datacloudworks,crm
2016-12-15 09:49:39+00:00,809334595875377152,"https://t.co/LoIDcMg14X Inc. $CRM Chairman Sells $1,767,750.00 in Stock https://t.co/7hxnXQ4839",WatchlistN,crm
2016-12-15 03:57:53+00:00,809246073139118080,"https://t.co/s32fodLwio Inc. $CRM Chairman Sells $893,125.00 in Stock https://t.co/EBtWvkahfa",TickerReport,crm
2016-12-15 03:53:25+00:00,809244948176470016,"https://t.co/7Yru72JvcH Inc. $CRM Chairman Sells $893,125.00 in Stock https://t.co/cJP2oSOtM8",TickerReport,crm
2016-12-14 20:32:32+00:00,809133998601568257,"https://t.co/GP67MS12B6 Inc. $CRM Chairman Sells $895,375.00 in Stock https://t.co/UZvimowz4w",intercooleronli,crm
2016-12-14 05:12:31+00:00,808902466012147716,https://t.co/dCbOKnVMWO downgraded by Vetr Inc. to buy. $80.00 PT. https://t.co/ae8QBIx0T9 $CRM #CRM,MarketBeatCom,crm
2016-12-13 03:34:17+00:00,808515359842205700,"https://t.co/s32fodLwio Inc. $CRM Chairman Sells $1,767,750.00 in Stock https://t.co/KxDp3SUero",TickerReport,crm
2016-12-13 03:29:13+00:00,808514080956891136,"https://t.co/7Yru72JvcH Inc. $CRM Chairman Sells $1,767,750.00 in Stock https://t.co/Rc18xwVcQa",TickerReport,crm
2016-12-11 03:35:20+00:00,807790844459753472,"Vetr Inc. disclosed https://t.co/QYfXzjyz4K, inc. (NYSE:CRM), boosting its price target to $80.00 earlier today: https://t.co/8egtHYW9bb",cloudcomrade,crm
2016-12-09 12:33:49+00:00,807201586422444032,"https://t.co/A9MEArzxtd Inc. $CRM Chairman Sells $883,375.00 in Stock https://t.co/rJqQkMmTQX",storminvestor,crm
2016-12-08 05:14:56+00:00,806728746359136256,https://t.co/dCbOKnEbye downgraded by Vetr Inc. to buy. $80.00 PT. https://t.co/T91QdjkjSu $CRM #CRM,MarketBeatCom,crm
2016-12-05 14:00:57+00:00,805773959904002049,"Insider Selling: https://t.co/PcRnwXFyO9 Inc. $CRM CEO Sells $910,500.00 in Stock https://t.co/7MF6gIihFH",MarketBeatCom,crm
2016-12-04 23:51:31+00:00,805560193463500800,https://t.co/HUyommSozW Inc. (CRM) Chairman Sells $855375.00 in Stock - BBNS https://t.co/rz7Vf9pIXh #CRM [US],mp_InsurTech,crm
2016-12-04 19:39:39+00:00,805496810701783040,https://t.co/HUyommSozW Inc. (CRM) Chairman Sells $855375.00 in Stock - BBNS https://t.co/jTvcbYnp1d #CRM [US],mp_InsurTech,crm
2016-12-04 12:42:29+00:00,805391825410420736,"https://t.co/LoIDcMg14X Inc. $CRM Chairman Sells $855,375.00 in Stock https://t.co/MkxvJN0HfX",WatchlistN,crm
2016-12-03 04:31:43+00:00,804905933755351040,Cowen and Company Analysts Give https://t.co/GP67MS12B6 Inc. $CRM a $95.00 Price Target https://t.co/z116vQrxT4,intercooleronli,crm
2016-12-03 04:29:30+00:00,804905374356766720,Cowen and Company Analysts Give https://t.co/A9MEArzxtd Inc. $CRM a $95.00 Price Target https://t.co/xtBOM6rCOL,storminvestor,crm
2016-12-02 05:08:14+00:00,804552733726478336,https://t.co/dCbOKnVMWO upgraded by Vetr Inc. to strong-buy. $80.00 PT. https://t.co/ZynyUzmGgj $CRM #CRM,MarketBeatCom,crm
2016-12-01 12:26:11+00:00,804300560665104384,"Insider Selling: https://t.co/A9MEArzxtd Inc. $CRM Chairman Sells $1,834,250.00 in Stock https://t.co/48afvANEdK",storminvestor,crm
2016-12-01 10:23:03+00:00,804269575147819008,https://t.co/DwMcqrtmL5 Inc. $CRM Given a $95.00 Price Target by Cowen and Company Analysts https://t.co/80jrv3KjIk,midetimes,crm
2016-12-01 09:48:30+00:00,804260880112304132,"Insider Selling: https://t.co/JdRop8mXyL Inc. $CRM Chairman Sells $1,834,250.00 in Stock https://t.co/P5R5vgiWcW",dailypoliticaln,crm
2016-12-01 09:46:04+00:00,804260266091356160,"Insider Selling: https://t.co/JdRop8mXyL Inc. $CRM Chairman Sells $1,834,250.00 in Stock https://t.co/LXtHP5Ir0M",dailypoliticaln,crm
2016-11-30 15:00:05+00:00,803976901467455489,Are you a solo @Salesforce #admin at your company looking 2 scale? Catch todays webinar at 10:00 am PST/12:00 pm CST https://t.co/KZj4HCmcyR,modacto_,crm
2016-11-30 12:56:28+00:00,803945792541171712,https://t.co/JdRop8mXyL Inc. $CRM Given a $95.00 Price Target at Cowen and Company https://t.co/NYSeq8sxjt,dailypoliticaln,crm
2016-11-30 12:53:40+00:00,803945089458438145,https://t.co/JdRop8mXyL Inc. $CRM Given a $95.00 Price Target at Cowen and Company https://t.co/7FUWwGSmxx,dailypoliticaln,crm
2016-11-29 21:53:54+00:00,803718656941125632,". @salesforce to drive 5,00,000 #jobs, $4.2 billion revenue to #India by 2020 #salesforce #CRM at:https://t.co/5KOB5Jei3v",TripathySantosh,crm
2016-11-29 20:04:56+00:00,803691234321694720,https://t.co/PcRnwXFyO9 Inc. $CRM Given a $95.00 Price Target by Cowen and Company Analysts https://t.co/So8bqfdZ6T,MarketBeatCom,crm
2016-11-28 16:40:00+00:00,803277270399926272,Analyst's advice about https://t.co/Sf6gmtKiBJ INC (CRM) to Achieve minimum potential price target is at $64.00 https://t.co/xNZZGt30by,nextCRM,crm
2016-11-28 12:53:15+00:00,803220207875592196,"https://t.co/A9MEArzxtd Inc. $CRM Chairman Sells $925,625.00 in Stock https://t.co/jKcY0ZvPnd",storminvestor,crm
2016-11-28 09:58:13+00:00,803176158347096064,"https://t.co/GP67MS12B6 Inc. $CRM Chairman Sells $925,625.00 in Stock https://t.co/MniEaz6YsB",intercooleronli,crm
2016-11-25 12:48:59+00:00,802131971946250241,"https://t.co/A9MEArzxtd Inc. $CRM Chairman Sells $946,750.00 in Stock https://t.co/BpsjuHtXfr",storminvestor,crm
2016-11-25 10:52:22+00:00,802102623318974464,"https://t.co/JdRop8mXyL Inc. $CRM Chairman Sells $946,750.00 in Stock https://t.co/qbWgMgsqOE",dailypoliticaln,crm
2016-11-25 10:48:05+00:00,802101544934113280,"https://t.co/JdRop8mXyL Inc. $CRM Chairman Sells $946,750.00 in Stock https://t.co/NanpKsM8Ak",dailypoliticaln,crm
2016-11-24 10:06:10+00:00,801728609350287360,Goldman Sachs Group Inc. Analysts Give https://t.co/s32fodLwio Inc. $CRM a $96.00 Price Target https://t.co/u025rvhWYu,TickerReport,crm
2016-11-24 10:06:09+00:00,801728606573568004,https://t.co/s32fodLwio Inc. $CRM PT Raised to $95.00 https://t.co/FCHzw1utts,TickerReport,crm
2016-11-24 10:03:18+00:00,801727885757345793,"https://t.co/GP67MS12B6 Inc. $CRM Chairman Sells $956,125.00 in Stock https://t.co/G1iFOtCo75",intercooleronli,crm
2016-11-24 10:00:30+00:00,801727184306143233,BMO Capital Markets Raises https://t.co/DwMcqrtmL5 Inc. $CRM Price Target to $90.00 https://t.co/cXHpcwxpDu,midetimes,crm
2016-11-24 09:59:19+00:00,801726885306703872,https://t.co/7Yru72JvcH Inc. $CRM PT Raised to $95.00 https://t.co/Xbw0NLFa3a,TickerReport,crm
2016-11-24 09:59:18+00:00,801726881347289088,Goldman Sachs Group Inc. Analysts Give https://t.co/7Yru72JvcH Inc. $CRM a $96.00 Price Target https://t.co/3h2jXCrlM6,TickerReport,crm
2016-11-23 13:01:58+00:00,801410464043429888,BMO Capital Markets Boosts https://t.co/A9MEArzxtd Inc. $CRM Price Target to $90.00 https://t.co/qrs5BRkzEa,storminvestor,crm
2016-11-23 13:01:57+00:00,801410459735826432,Mizuho Raises https://t.co/A9MEArzxtd Inc. $CRM Price Target to $95.00 https://t.co/ntLyVLTZUx,storminvestor,crm
2016-11-23 13:01:56+00:00,801410455751245824,Goldman Sachs Group Inc. Reiterates $96.00 Price Target for https://t.co/A9MEArzxtd Inc. $CRM https://t.co/b9UR3cNyNj,storminvestor,crm
2016-11-23 10:41:13+00:00,801375040239452160,Goldman Sachs Group Inc. Reiterates $96.00 Price Target for https://t.co/OZnnsKKOiI Inc. $CRM https://t.co/ItL7yQQNoL,WKRBNews,crm
2016-11-23 10:41:12+00:00,801375037622284288,BMO Capital Markets Boosts https://t.co/OZnnsKKOiI Inc. $CRM Price Target to $90.00 https://t.co/DzSQjAC9ca,WKRBNews,crm
2016-11-23 10:39:57+00:00,801374725004034048,BMO Capital Markets Boosts https://t.co/zRL1K1krE9 Inc. $CRM Price Target to $90.00 https://t.co/YHgOnGcia0,WKRBNews,crm
2016-11-23 10:39:56+00:00,801374719807201280,Goldman Sachs Group Inc. Reiterates $96.00 Price Target for https://t.co/zRL1K1krE9 Inc. $CRM https://t.co/VUY6xusAPo,WKRBNews,crm
2016-11-23 10:04:42+00:00,801365853489004544,"Insider Selling: https://t.co/zRL1K1krE9 Inc. $CRM Chairman Sells $975,875.00 in Stock https://t.co/wclarFvtnu",WKRBNews,crm
2016-11-23 10:01:12+00:00,801364972316004352,"Insider Selling: https://t.co/OZnnsKKOiI Inc. $CRM Chairman Sells $975,875.00 in Stock https://t.co/68UXYm4dnY",WKRBNews,crm
2016-11-23 03:28:17+00:00,801266089699274752,"https://t.co/DwMcqrtmL5 Inc. $CRM Chairman Sells $946,750.00 in Stock https://t.co/3jDk8kXf24",midetimes,crm
2016-11-23 03:27:41+00:00,801265938301480960,"https://t.co/LoIDcLYpGn Inc. $CRM Chairman Sells $946,750.00 in Stock https://t.co/NJtHap5HXh",WatchlistN,crm
2016-11-22 15:56:32+00:00,801092006789287937,"Insider Selling: https://t.co/FnGHtZ2t6i Inc. (CRM) EVP Sells $13,347,000.00 in Stock https://t.co/iroUpmP6em",datacloudworks,crm
2016-11-22 13:30:22+00:00,801055220331446274,https://t.co/PcRnwXX9FH Inc. $CRM PT Raised to $95.00 https://t.co/t2yd5zDkch,MarketBeatCom,crm
2016-11-22 13:30:21+00:00,801055215889723392,BMO Capital Markets Increases https://t.co/PcRnwXX9FH Inc. $CRM Price Target to $90.00 https://t.co/Q0iivdzTOB,MarketBeatCom,crm
2016-11-22 13:16:38+00:00,801051767005855744,https://t.co/KJwP09Xait Inc. (CRM) PT Set at $96.00 by Goldman Sachs Group Inc. https://t.co/r6c95GIAAh,CFinancialNews,crm
2016-11-22 11:00:09+00:00,801017418344591360,https://t.co/GP67MRJrcw Inc. $CRM PT Raised to $95.00 https://t.co/RWNys1Q1ef,intercooleronli,crm
2016-11-22 10:06:08+00:00,801003825180147712,"Insider Selling: https://t.co/s32fodLwio Inc. $CRM Chairman Sells $933,250.00 in Stock https://t.co/raxoDLwhp0",TickerReport,crm
2016-11-21 16:46:01+00:00,800742071296520192,https://t.co/PcRnwXFyO9 Inc. $CRM Given a $96.00 Price Target at Goldman Sachs Group Inc. https://t.co/YRJAfd8ijw,MarketBeatCom,crm
2016-11-21 16:43:31+00:00,800741442624819204,https://t.co/JdRop8mXyL Inc. $CRM Given a $96.00 Price Target at Goldman Sachs Group Inc. https://t.co/iqUYhxjWFy,dailypoliticaln,crm
2016-11-21 15:54:14+00:00,800729038562226176,https://t.co/DwMcqrtmL5 Inc. $CRM Given New $95.00 Price Target at Mizuho https://t.co/N36BGzoIYa,midetimes,crm
2016-11-21 15:51:49+00:00,800728430295842816,https://t.co/LoIDcMg14X Inc. $CRM Price Target Increased to $90.00 by Analysts at BMO Capital Markets https://t.co/FifUui99Yt,WatchlistN,crm
2016-11-21 15:51:47+00:00,800728421617766400,https://t.co/LoIDcMg14X Inc. $CRM Given New $95.00 Price Target at Mizuho https://t.co/nWJxvMQt08,WatchlistN,crm
2016-11-21 15:50:12+00:00,800728025004437508,https://t.co/GP67MS12B6 Inc. $CRM Price Target Increased to $90.00 by Analysts at BMO Capital Markets https://t.co/uVMFbjQMVR,intercooleronli,crm
2016-11-21 14:46:19+00:00,800711946848894976,"https://t.co/OZnnsKKOiI Inc. $CRM Director Sells $18,560.00 in Stock https://t.co/6GFBHkwGuh",WKRBNews,crm
2016-11-21 14:44:05+00:00,800711387605532673,"https://t.co/zRL1K1krE9 Inc. $CRM Director Sells $18,560.00 in Stock https://t.co/o1A2G5yBOz",WKRBNews,crm
2016-11-21 13:25:32+00:00,800691616927379456,"https://t.co/LoIDcMg14X Inc. $CRM Chairman Sells $921,000.00 in Stock https://t.co/w3XTZaIKzt",WatchlistN,crm
2016-11-21 12:48:44+00:00,800682356545875968,"https://t.co/A9MEArzxtd Inc. $CRM Chairman Sells $1,842,000.00 in Stock https://t.co/ruYcRBH3f2",storminvestor,crm
2016-10-03 15:20:24+00:00,782963517750120448,"Come by Partner Theater 3 at #df16, Thursday, October 6, 2:00 PM - 2:20 PM, Moscone South #salesforce #rgrowthhack https://t.co/mXrhBWacaL https://t.co/hbtsC5d3lt",Amplifinity,crm
2016-12-31 16:52:00+00:00,815239091734183936,"Ohne Titel Chevron Sweater Dress - $100.00  
#blacktwitter #BlackOwnedStores @railucille
https://t.co/ru48BItrSP https://t.co/405QzFj519",Blacktradelines,cvx
2016-12-31 04:56:05+00:00,815058924789448705,"Silver chevron necklace #photo #photographer #bblogger #babesofmissguided #instagood #ootn
‚Ç¨11.00
‚û§ https://t.co/MiPTECIjda
via @outfy https://t.co/SYMReQxxv9",SusyDeMarchi,cvx
2016-12-30 06:51:44+00:00,814725641811566593,"Ohne Titel Chevron Sweater Dress - $100.00  
#blacktwitter #BlackOwnedStores @railucille
https://t.co/ru48BItrSP https://t.co/Vsq6fdskbA",Blacktradelines,cvx
2016-12-29 14:44:59+00:00,814482350532763657,"HOLIDAY SEASON SALE

WHITE CHEVRON COWHIDE PILLOW: $44.00

https://t.co/5MqkdonAtX https://t.co/XLKuE22oqr",eCowhides,cvx
2016-12-29 03:08:50+00:00,814307158527451136,1920s Style Black  Silver Sequin Chevron Sleeveless Fringe Flapper Dress  Size XL $88.00 AT Vintaged https://t.co/HGgPXZUglm,VintageDancer,cvx
2016-12-28 21:37:14+00:00,814223711242854400,"Ohne Titel Chevron Sweater Dress - $100.00  
#blacktwitter #BlackOwnedStores @railucille
https://t.co/ru48BItrSP https://t.co/YMv7NR9lEm",Blacktradelines,cvx
2016-12-28 19:02:22+00:00,814184733957648385,Chevron Houston Marathon come and stay @BWPHobby with by calling 713-943-2700. Mention his ad and receive a rate of $79.00 plus tax.,BWPHobby,cvx
2016-12-28 18:59:24+00:00,814183988860424193,Chevron Houston Marathon come and stay us at . Mention this ad and receive a rate of $79.00 plus tax. 713-943-2700 #bwphobby@gmail.com,BWPHobby,cvx
2016-12-28 17:01:50+00:00,814154404341383168,Chevron summer dress - Vendor: OAOA studio Type: Women - Apparel - Dresses - Casual Price: 140.00 Pink and blue... https://t.co/2XWItkaQjH,alsmro,cvx
2016-12-28 02:39:25+00:00,813937366708600832,Check out #NALLY &amp; MILLIE #Chevron Dress #Size M# NWT $88.00 #NALLYMILLIE https://t.co/3pkvZ6hcQR via @eBay,LemonTree85378,cvx
2016-12-27 15:29:16+00:00,813768720724017152,https://t.co/ES9AaWXI8p $4676.40 (Reg: $12990.00) Agnona Chevron Fur and Knit Coat @Saks Fifth Avenue https://t.co/Dy2Ne9lQ5W,2mydeal,cvx
2016-12-27 11:53:26+00:00,813714403279257600,"Ohne Titel Chevron Sweater Dress - $100.00  
#blacktwitter #BlackOwnedStores @railucille
https://t.co/ru48BItrSP https://t.co/Kycc5dzEEc",Blacktradelines,cvx
2016-12-26 21:28:58+00:00,813496853706735616,David Yurman Chevron Black &amp; Sterling Silver Tile Bracelet Retail 650 one day left price $62.00 #ebay #yurman https://t.co/o8WMHJUaHP,Colby_Music,cvx
2016-12-26 10:23:09+00:00,813329295720464384,"https://t.co/2Dz4NvXZ1W

Chevron Tempered Glass For Moto G Plus 4th Genby Chevron(569)Buy: ¬†¬†Rs. 599.00 ¬†¬†Rs. 195.‚Ä¶ https://t.co/2ZU4iXSI5K",Diana6573,cvx
2016-12-26 09:10:02+00:00,813310894830653440,Buy Chevron Tempered Glass For Moto G Plus 4th Gen at Rs. 195.00 https://t.co/ug3kNUJ9ze,SnehaSenn,cvx
2016-12-26 03:22:37+00:00,813223464546897922,"Ohne Titel Chevron Sweater Dress - $100.00  
#blacktwitter #BlackOwnedStores @railucille
https://t.co/ru48BItrSP https://t.co/ixcb1Gdgd8",Blacktradelines,cvx
2016-12-25 02:41:01+00:00,812850607430205440,"MATCH FOOTBALL

25 Dec 2016
Kick Off 04.00 PM
Sanggar Chevron Field

Vincere!‚Ä¶ (w/ ICI Regional Pekanbaru) [pic] ‚Äî https://t.co/hYaXcaolxg",Jefridj,cvx
2016-12-24 23:54:22+00:00,812808669452795904,Talbots Chevron Quilted Puffer Vest Talbots (30) Buy new: $119.00 - $139.00 $71.40 - $83.40‚Ä¶ https://t.co/6cCbX2B89X,apparel_,cvx
2016-12-24 23:48:07+00:00,812807094709710848,Talbots Chevron Quilted Puffer Vest Talbots (30) Buy new: $119.00 - $139‚Ä¶ https://t.co/FEUwa6wEYK @detski_fotograf,Clothing__,cvx
2016-12-24 23:15:33+00:00,812798900939714560,David Yurman Chevron Black/Sterling Silver Tile Bracelet Retail 650 starting at $99.00 #DavidYurman #deal #ebay https://t.co/o8WMHJUaHP via,Colby_Music,cvx
2016-12-24 21:07:05+00:00,812766571395477504,Talbots Chevron Quilted Puffer Vest Talbots (30) Buy new: $119.00 - $139‚Ä¶ https://t.co/DoVuCMKUCY @detski_fotograf,Clothing__,cvx
2016-12-24 18:52:32+00:00,812732707851505664,"Ohne Titel Chevron Sweater Dress - $100.00  
#blacktwitter #BlackOwnedStores @railucille
https://t.co/ru48BItrSP https://t.co/V6lpf355r9",Blacktradelines,cvx
2016-12-24 09:23:48+00:00,812589582218825728,"Women's Fashion: https://t.co/RNpeyLzfZh Free People Chevron Fur Coat, $348.00 #BEBrand #Newcifera #BuyDotExpress https://t.co/pFsk3VEBtC",PiinkMedia,cvx
2016-12-23 16:14:34+00:00,812330567534542848,"GOLD CHEVRON
¬£15.00
Buy THREE, Get One FREE
 Clear  Metallic https://t.co/oONYYcmyai",MariaMacGowan1,cvx
2016-12-23 14:53:08+00:00,812310073116594176,"Hamilton Mcbride Chevron# Eyelet ...

¬£49.00

Littlewoods https://t.co/AzGknRNpj7",28_cooper,cvx
2016-12-23 08:53:00+00:00,812219445804343296,"Ohne Titel Chevron Sweater Dress - $100.00  
#blacktwitter #BlackOwnedStores @railucille
https://t.co/ru48BItrSP https://t.co/LDazRIpbN3",Blacktradelines,cvx
2016-12-23 04:39:34+00:00,812155663770066944,Phase Eight Magdalena Chevron Knit Dress ‚Ç¨99.00 | Phase¬†Eight https://t.co/2DZ2Hn9qX5,frdealsonline,cvx
2016-12-23 04:07:41+00:00,812147640250994688,Phase Eight Magdalena Chevron Knit Dress ‚Ç¨99.00 | Phase¬†Eight https://t.co/3LlgvRhkP3,frdealsonline,cvx
2016-12-23 04:07:40+00:00,812147639865118721,Phase Eight Magdalena Chevron Knit Dress ‚Ç¨99.00 | Phase¬†Eight https://t.co/muCD9VV7Cp,frdealsonline,cvx
2016-12-22 23:04:14+00:00,812071277779292160,"UFO Sighting in Woodbury Heights, New Jersey on 2016-11-23 18:50:00 - Acft1 slow moving single light acft2 chevron‚Ä¶ https://t.co/jnel5D8oOz",alex_monaldo,cvx
2016-12-22 22:55:40+00:00,812069121856679936,"UFO Sighting in Woodbury Heights, New Jersey on 2016-11-23 18:50:00 - Acft1 slow moving single light acft2 chevron‚Ä¶ https://t.co/iGqtPoXK3h",UFOnetwork_,cvx
2016-12-22 20:06:37+00:00,812026578070831108,"Aqua Coral Peach Chevron Pattern Print Leggings USD 45.00
‚û§ https://t.co/3vGKehhUjm https://t.co/zQ62mWGY0K",zanakunda,cvx
2016-12-21 23:41:54+00:00,811718365568004096,"Elephant Chevron Modern Cross Stitch Pattern Instant Download PDF Digital Needlepoint. $5.00, via Et https://t.co/6da4tmnK2I",GracielaGacek,cvx
2016-12-21 22:52:09+00:00,811705848120475648,"Ohne Titel Chevron Sweater Dress - $100.00  
#blacktwitter #BlackOwnedStores @railucille
https://t.co/ru48BItrSP https://t.co/oNeaByzyNC",Blacktradelines,cvx
2016-12-21 22:23:16+00:00,811698577722331136,Hey y'all we will be at the Chevron on ironwood and ocotillo the 23rd of December... from 12:00 till 6:00.. come by and see us! https://t.co/78Ew3HCPrn,homersmokehouse,cvx
2016-12-21 21:34:17+00:00,811686251459919872,"https://t.co/aXNmT6gWv1

Chevron Tempered Glass For Moto G Plus 4th Genby Chevron(561)Buy: ¬†¬†Rs. 599.00 ¬†¬†Rs. 195.‚Ä¶ https://t.co/y3MBlkBtbl",Diana6573,cvx
2016-12-21 03:20:08+00:00,811410901375000580,"Chevron Ear Jacket Earrings #socialmedia #model #ootd #instagood #blog #bored #fblogger
‚Ç¨27.00
‚û§ https://t.co/w4tZyU8Ngd
via @outfy https://t.co/eJIhFBGAfm",SusyDeMarchi,cvx
2016-12-20 11:51:48+00:00,811177277442510848,"Ohne Titel Chevron Sweater Dress - $100.00  
#blacktwitter #BlackOwnedStores @railucille
https://t.co/ru48BItrSP https://t.co/f5jvfHgSNP",Blacktradelines,cvx
2016-12-20 02:39:18+00:00,811038237053448192,Phase Eight Blurred Chevron Dress ‚Ç¨79.00 | Phase¬†Eight https://t.co/9Za3kALW96 https://t.co/R9ZGJpOGaM,frdealsonline,cvx
2016-12-20 02:39:17+00:00,811038232821596161,Phase Eight Blurred Chevron Dress ‚Ç¨79.00 | Phase¬†Eight https://t.co/jNLzncMPLp https://t.co/hI2ZRK6ph9,frdealsonline,cvx
2016-12-20 02:39:17+00:00,811038231382949888,Phase Eight Blurred Chevron Dress ‚Ç¨79.00 | Phase¬†Eight https://t.co/8UXqfukOmh https://t.co/13bgZOuNXD,frdealsonline,cvx
2016-12-19 03:38:09+00:00,810690658486751234,"Ohne Titel Chevron Sweater Dress - $100.00  
#blacktwitter #BlackOwnedStores @railucille
https://t.co/ru48BItrSP https://t.co/H0ElslJKsF",Blacktradelines,cvx
2016-12-18 05:30:14+00:00,810356476531326976,"Chevron Ear Jacket Earrings #photography #swag #likeforfollow #london #styledaily #snapchat
‚Ç¨27.00
‚û§ https://t.co/gtkLymPC2K
via @outfy https://t.co/JfMPWg3rPt",SusyDeMarchi,cvx
2016-12-17 20:06:43+00:00,810214663078092800,"Ohne Titel Chevron Sweater Dress - $100.00  
#blacktwitter #BlackOwnedStores @railucille
https://t.co/ru48BItrSP https://t.co/gURs7beWGi",Blacktradelines,cvx
2016-12-17 04:57:22+00:00,809985817020157952,Chevron Corp. upgraded by Macquarie to outperform. $130.00 PT. https://t.co/4pPCC6wVAW $CVX #CVX via @RatingsNetwork,Bakkencrude,cvx
2016-12-14 18:20:02+00:00,809100650504142848,"The Harper Chevron Bag EH0158 Specify Color $89.00 o1 light Sand, or 02 Camel  Free personalization today!! https://t.co/r9DlqIcDK5",kat22rn,cvx
2016-12-14 11:37:47+00:00,808999423741022209,"RV PATIO RUG INDOOR OUTDOOR CAMPING MAT CHEVRON PATTERN 9√ó16: $89.00
End Date: Saturday Dec-17-2016 3:43:06 PST... https://t.co/UX56jdQqhv",onlinelisting,cvx
2016-12-13 21:36:56+00:00,808787817467781120,"Ohne Titel Chevron Sweater Dress - $100.00  
#blacktwitter #BlackOwnedStores @railucille
https://t.co/ru48BItrSP https://t.co/gjBaOplywk",Blacktradelines,cvx
2016-12-13 21:16:48+00:00,808782749884674048,These are the Last of Our Personalized Chevron Totes! $7.00 for each Initial Tote. https://t.co/JZT2qWSYFL,SandiPritchett,cvx
2016-12-13 15:00:35+00:00,808688069775855620,"Grey Chevron Ribbed Funnel Neck Vest
Now ¬£5.00 (was ¬£9.99)
https://t.co/tlKoxZmuJA

#vest #womans #fashion https://t.co/OFkyDOJUfn",HighStreetSale_,cvx
2016-12-13 08:38:42+00:00,808591965990350848,Eliza (2008) On Subs AG/Thailand WS 85.00 Chevron Singapore Jan 1-3 Dynacom,TankersInt,cvx
2016-12-13 06:08:07+00:00,808554069811937280,Just an update: The Chevron Half is 33 days away and I am $290.00 away from t... https://t.co/Kj92pCBiKf,Msvbiology,cvx
2016-12-12 22:51:19+00:00,808444147304689668,"Look what arrived today!!! this gorgeous Faux fur chevron jacket is absolutely amazing üòç 

Sizes S-XL.. ¬£95.00!... https://t.co/08nqhynoCx",VillageBout1que,cvx
2016-12-12 19:26:40+00:00,808392646993575936,Sterling Silver Gold Plated double Chevron Necklace $25.00 #giftsüéÅ #originaldesignsjewelryüíç https://t.co/skn7CrMJf0,origdesigns,cvx
2016-12-12 13:52:40+00:00,808308593015607297,"READY STOCK! 
NOW ONLY RM490.00

Color available : Black &amp; Dusk Rose

#Repost @inesmilani with @repostapp
Chevron... https://t.co/t3gdI1alPM",InesMilani,cvx
2016-12-12 08:04:24+00:00,808220948780486656,"Loved this on @Pinterest: Wood Chevron Watch Vintage Style Leather Watch Women by FreeForme, $10.00 https://t.co/kRIAJITgCD",tiktoktikk,cvx
2016-12-11 21:01:02+00:00,808054004685148160,1 Common Loon (Gavia immer) - California Aqueduct at Chevron Entrance - 2016-12-11 07:00 https://t.co/B6uzQrEJKe,NotableBirdsCA,cvx
2016-12-11 17:11:06+00:00,807996139513450496,"Grey Chevron Ribbed Funnel Neck Vest
Now ¬£5.00 (was ¬£9.99)
https://t.co/FhOLml3xqn

#vest #womans #fashion https://t.co/d6P3ADgBeO",HighStreetSale_,cvx
2016-12-11 11:55:35+00:00,807916740017459202,"Skip Hop Grab Go Double Bottle Bag, Chevron #offer 1 350,00 INR SAVE 42,70 % üëâ https://t.co/3Yi1rtmqCL https://t.co/iaGUbUbDen",monitorizoin,cvx
2016-12-11 11:10:54+00:00,807905491967938560,"Free People Chevron Fur Coat, $348.00 https://t.co/L769rlkRbZ",romain1344,cvx
2016-12-10 07:42:29+00:00,807490656784392192,"So @Chevron put out ads about sharing, here's how they actually ""share"" the tax burden in Australia: $0.00 tax yet $3Billion income. https://t.co/O6vlkLSdOX",NathanLee,cvx
2016-12-10 00:05:41+00:00,807375697115086848,@brumsmom5 @A_Badassunicorn @draiochta14 Past float plane dock and floating Chevron station is Hallelujah Point in Stanley Park. 9:00 gun!,peggyvanslp,cvx
2016-12-09 22:56:57+00:00,807358403081371649,"SALE!!
$8.00 (Add $2 for shipping if needed!) Leather or suede earrings.
Two are chevron cut:‚Ä¶ https://t.co/QdbmlBqGIN",onyahgoods,cvx
2016-12-08 18:55:36+00:00,806935274601099264,"The Pixie $15.00
A purple chevron print on this legging is made from 92% polyester and 8%‚Ä¶ https://t.co/IF32nOImwx",JustHippyDippy,cvx
2016-12-07 18:15:03+00:00,806562684875538436,"The Harper Chevron Bag EH0158 Specify Color $89.00 o1 light Sand, or 02 Camel https://t.co/YW3WmGRPGw",kat22rn,cvx
2016-12-07 16:28:03+00:00,806535757263347712,Lucky Jimmy: CVX +1.00 total advance today 10:30 ET. Chevron Corp $CVX 113.76 Stock hit a High of 113.43 and 112. https://t.co/Qq51YuRgh5,langanstocks,cvx
2016-12-07 05:39:51+00:00,806372629997387776,These are the Last of Our Personalized Chevron Totes! $7.00 for each Initial Tote. https://t.co/JZT2qWSYFL,SandiPritchett,cvx
2016-12-07 01:57:47+00:00,806316745069883392,"Home Decorators Collection
Tribal Chevron 18"" Square Pillow - Multi Yellow
Retails for: $59.00. Bloomingdeal$... https://t.co/ygyMBtN2Zt",indybloomdeals,cvx
2016-12-06 23:08:57+00:00,806274258578132992,"Bright Chevron Cheer Bow on Etsy, $14.00. #flippinbows #bows #cheer I need https://t.co/BNkLo6AZyE",hipgirlboutique,cvx
2016-12-06 20:46:35+00:00,806238430405410816,"Last one! MBSC boutique MINX chevron tunic size 2X $33.00
Scarf $9.50 https://t.co/LV7bYCQybx",BigSisterCloset,cvx
2016-12-06 01:18:49+00:00,805944551353577477,"Chevron Apple Canvas by TheWhimsicalWrenTN on Etsy, $18.00 https://t.co/PM77VY2y0X",krconner276,cvx
2016-12-05 18:55:32+00:00,805848093556023296,Furby with Chevron Black and White Fur $16.00 via eBay https://t.co/DxgBKVqU1s https://t.co/cHZlDMD4vx,furbyebot,cvx
2016-12-05 15:07:15+00:00,805790646590205952,Chevron: Simply Impressive [0.00]: https://t.co/Trj5LLmCVF,StckMrktNws,cvx
2016-12-05 01:15:57+00:00,805581443271446528,"18K Rose Gold Brass 1ct TDW Natural Diamond Chevron #Bracelet #fashion #shopping Was: $350.00 (87% off) Now: $44.99
https://t.co/4WQoNKHeq8 https://t.co/FFTNPpGT26",shopfashiondeal,cvx
2016-12-04 12:39:54+00:00,805391176127889408,Phase Eight Inez Chevron Lace Dress ‚Ç¨43.00 | Phase¬†Eight https://t.co/Hs9bcRDFkx https://t.co/vN3hNUc6u4,frdealsonline,cvx
2016-12-04 12:39:53+00:00,805391173732990976,Phase Eight Inez Chevron Lace Dress ‚Ç¨43.00 | Phase¬†Eight https://t.co/d5CDEGtWJZ https://t.co/2E7uvVcYa6,frdealsonline,cvx
2016-12-04 10:39:26+00:00,805360859396636704,Phase Eight Chevron Stripe Maxi ‚Ç¨64.00 | Phase¬†Eight https://t.co/cPknxwC5zT https://t.co/ytW0wWfqoC,frdealsonline,cvx
2016-12-04 10:39:25+00:00,805360855600734208,Phase Eight Chevron Stripe Maxi ‚Ç¨64.00 | Phase¬†Eight https://t.co/eqAoaVRd81 https://t.co/luIrLsIMmo,frdealsonline,cvx
2016-12-04 09:42:50+00:00,805346616693719040,Phase Eight Chevron Stripe Maxi ‚Ç¨64.00 | Phase¬†Eight https://t.co/VFTeqSUguh https://t.co/80Q02L5KOL,frdealsonline,cvx
2016-12-03 16:42:48+00:00,805089917755936768,Just saw this on Amazon: Chic Home 8 Piece Warrick Chevron and Geome... by Chic Home for $69.00 https://t.co/Mp7SYe5tpu via @amazon,MootreyLisa,cvx
2016-12-02 23:30:01+00:00,804830007642103808,"üéÖAmazon Handmade:
Chevron Tagua Pendant in Red by FLORAMA for $30.00 https://t.co/Nhx96aXzVg via @amazon",CozyAtoZ,cvx
2016-12-01 17:31:33+00:00,804377410489778177,"*FREE SHIP*Rainbow Chevron Blushed Leggings
$15.00 #onselz https://t.co/0VDfH19vyn",Jesi85563667,cvx
2016-11-28 12:39:20+00:00,803216706072170496,"#jewelry 1.00 ct TDW Diamond Chevron Bracelet in Gold and Silver Tone Brass 
https://t.co/7lZi69r5Ri",ExcitingTrendz,cvx
2016-11-28 12:05:00+00:00,803208067353546752,#wrexham aren't used to a big party on Boxing Day! But we're bringing it!!! Tickets ¬£5.00 from Chevron or ¬£5.50 on https://t.co/JnfaG9QF5K https://t.co/uCTzd2U57g,Marc_Lee1,cvx
2016-11-28 08:16:34+00:00,803150580512194560,#Dow #stocks $CVX Chevron  Daily:0.00% Weekly:1.65% YTD:27.6% Trend:83 / 100  https://t.co/BtWkMVAABQ,Top_Dow_Stocks,cvx
2016-11-27 23:06:53+00:00,803012246339096576,"Ohne Titel Chevron Sweater Dress - $100.00  
#blacktwitter #BlackOwnedStores @railucille
https://t.co/ru48BItrSP https://t.co/fGadLJqE9I",Blacktradelines,cvx
2016-11-26 16:06:41+00:00,802544110858973184,"Ohne Titel Chevron Sweater Dress - $100.00  
#blacktwitter #BlackOwnedStores @railucille
https://t.co/ru48BItrSP https://t.co/Q4SmW2HaL9",Blacktradelines,cvx
2016-11-26 08:34:03+00:00,802430204920508417,"#amazon #fashion S.L. Fashions Women's Plus-Size Chevron Knit A-Line Dress, Black, 16 $79.00 https://t.co/axbkwh1dbi https://t.co/O1lMUbJHtY",etsyaddict2,cvx
2016-11-26 00:00:27+00:00,802300951658958849,"Rossieviren Handmade Chevron Quilted Leateher Shoul... USD 90.00
‚û§ https://t.co/ois3gKXdpD https://t.co/I51hFJLmtz",rossieviren,cvx
2016-11-25 08:52:14+00:00,802072392872824832,"Ohne Titel Chevron Sweater Dress - $100.00  
#blacktwitter #BlackOwnedStores @railucille
https://t.co/ru48BItrSP https://t.co/Fha4Z1w3qn",Blacktradelines,cvx
2016-11-24 23:50:39+00:00,801936096317706240,Gift Guide: Self Esteem Juniors' Chevron Draped Cardigan. Reg. $49.00 Now $19.99 Black Friday Special https://t.co/cwd0zDrIFi https://t.co/ZcaH0Phtzy,selfesteemstyle,cvx
2016-11-24 01:22:49+00:00,801596905755021312,"Ohne Titel Chevron Sweater Dress - $100.00  
#blacktwitter #BlackOwnedStores @railucille
https://t.co/ru48BItrSP https://t.co/oz8BJVe9te",Blacktradelines,cvx
2016-11-23 10:04:23+00:00,801365773470072832,"Insider Selling: Chevron Corp. $CVX Insider Sells $1,100,000.00 in Stock https://t.co/JfJNhClE4I",dailypoliticaln,cvx
2016-11-23 10:01:08+00:00,801364954167279617,"Insider Selling: Chevron Corp. $CVX Insider Sells $1,100,000.00 in Stock https://t.co/pkxVh5sBVj",dailypoliticaln,cvx
2016-11-22 19:32:36+00:00,801146380102365184,Women's Hooded Chevron Quilted Jacket only $10.00! - https://t.co/kF57p6K0SQ #couponcommunity https://t.co/s5mRmwkbps,couPWNing,cvx
2016-11-22 18:55:11+00:00,801136966985256961,"Silver chevron necklace #babesofmissguided #stylist #bored #swag #ootn #creativecontent
‚Ç¨11.00
‚û§ https://t.co/AJzgTwULyb
via @outfy https://t.co/GwfTDWcwO1",SusyDeMarchi,cvx
2016-11-22 17:52:27+00:00,801121177590591488,"Ohne Titel Chevron Sweater Dress - $100.00  
#blacktwitter #BlackOwnedStores @railucille
https://t.co/ru48BItrSP https://t.co/H86luv5uTs",Blacktradelines,cvx
2016-11-22 15:20:09+00:00,801082850904678400,CVX Stock 110.46 Chevron Corp $CVX Hit 35 52 week highs as of 10:00 ET. Currently trading at 110.46 +0.25% tot https://t.co/QInyvfD692,DennyT14,cvx
2016-11-21 15:19:20+00:00,800720256226512896,CVX Stock 110.70 Chevron Corp $CVX Hit 34 52 week highs as of 10:00 ET. Currently trading at 110.70 +1.37% tot https://t.co/71QfjuSA3a,DennyT14,cvx
2016-11-21 10:36:58+00:00,800649195149369345,"Ohne Titel Chevron Sweater Dress - $100.00  
#blacktwitter #BlackOwnedStores @railucille
https://t.co/ru48BItrSP https://t.co/V1TIzU3MnE",Blacktradelines,cvx
2016-10-13 17:46:41+00:00,786624212119064576,"Help identify a burglar

On 10-11-16, at approximately 11:00 pm the Chevron Station at Hwy 204 and Hwy 431 was... https://t.co/Chj5Vtt3Ia",CalCoSheriffAL,cvx
2016-10-11 00:32:19+00:00,785639129279266817,Chevron Corp.'s equal weight rating reiterated at Barclays PLC. $125.00 PT. https://t.co/lJFDjqPEIx $CVX #CVX,MarketBeatCom,cvx
2016-10-08 11:07:10+00:00,784711732035891200,#VintageJewelry Silver Bracelet Chevron Silver Plated by Vintage55: 25.00 USDSilver Bracelet C... https://t.co/L3vummO71J #vjsegroupteam,VJSE2,cvx
2016-10-04 05:52:52+00:00,783183082127962112,"Ohne Titel Chevron Sweater Dress - $100.00  
#blacktwitter #BlackOwnedStores @railucille
https://t.co/ru48BItrSP https://t.co/19tWnvJqgg",Blacktradelines,cvx
2016-10-01 19:12:32+00:00,782297161216262144,"9-h15 Stcl #Postmark #Anthropologie Chevron Striped Endpoint Skirt Size 6 NWOT
$88.00 on #sale‚Ä¶ https://t.co/a90DlQ4pvn",BudAngisPlace,cvx
