datetime,tweet_id,text,username,ticker_symbol,date,month,year,quarter
2021-11-05 12:50:21+00:00,1456604801098149893,"Salesforce Einstein Analytics(Tableau CRM) online Training ùòøùôöùô¢ùô§ ùôèùôûùô¢ùôûùô£ùôúùô®:
07th NOV,07:30 AM  IST ,06th NOV,07:00 PM  PST ,09:00 PM  CST ,10:00 PM  EST ,08:00 PM  MST 
ùíÅùíêùíêùíé ùë¥ùíÜùíÜùíïùíäùíèùíà
https://t.co/xc58mvTJ5K https://t.co/DxtweLOZOf",svtechsoft,crm,2021-11-05,11,2021,2021_q4
2021-11-04 16:46:56+00:00,1456301951495331849,"#ApsonaHours (i.e. Apsona Inc. Office Hours today at 1:00 pm ET / 10:00am PT.  

Join via link in our Trailblazers group here to learn how Apsona customers around the world are creating solutions with their #SalesforceData

https://t.co/vNlsDlFs1b",justinbarss,crm,2021-11-04,11,2021,2021_q4
2021-11-02 15:15:41+00:00,1455554210922176513,"$CRM [15s. delayed]: Issued Press Release on November 02, 11:13:00: International SOS Partners with Salesforce and AOKpass to Roll Out an End-to-End Testing &amp;amp; Vaccination Solution to Support Business Continuity and Employee Health https://t.co/It9cXWZBDE",FlashAlert_me,crm,2021-11-02,11,2021,2021_q4
2021-11-02 14:32:00+00:00,1455543217068253184,"T O D A Y 

Don't forget to tune into our @Salesforce #transportation and #logistics webinar w/@ODFL_Inc to hear about their shift from shipment-centric üì¶ to shipper-centric üöö at 11:00 AM PDT. 

https://t.co/cmGIMEA6hr",sbarghaan,crm,2021-11-02,11,2021,2021_q4
2021-10-28 16:06:57+00:00,1453755172375650315,"@sandyy_00 @sandyy_00 üéÅ Your watch kit is on its way! While you wait, catch up on Season 1 of #BossTalks on Salesforce+. üì∏ And don't forget to share pics of your care package with us using the hashtag #BossTalks: https://t.co/I8gwb5K8AX",salesforce,crm,2021-10-28,10,2021,2021_q4
2021-10-22 22:09:35+00:00,1451672107549696001,"https://t.co/dywK2btv5H, Inc Annual EPS:

2021 $4.38
2020 $0.15
2019 $1.43
2018 $0.49
2017 $0.46
2016 $-0.07
2015 $-0.42
2014 $-0.39
2013 $-0.48
2012 $-0.02
2011 $0.12
2010 $0.16
2009 $0.09
2008 $0.04
2007 $0.00
2006 $0.06
2005 $0.02

$CRM",Tripple65904021,crm,2021-10-22,10,2021,2021_q4
2021-10-22 11:25:11+00:00,1451509938145140737,"Stock: $CRM - Salesforce
*** NEWS ***
https://t.co/CQcDbxrW09, inc. (NYSE:CRM) CEO Sells $5,803,400.00 in Stock - MarketBeat
https://t.co/DreH2BWpWt
Try now the Best Pivot Point Calculator!! https://t.co/QAggKu4VvG
#tradingview
#stocks
#stockstowatch https://t.co/FVg5FJEI5i",bs_marker,crm,2021-10-22,10,2021,2021_q4
2021-10-20 18:34:20+00:00,1450893161484668932,"SalesforceDevs: Questions about developer tools? Bring them to our next Salesforce Developers #AskMeAnything session on October 27, 9:00 a.m PT | 9:30 p.m IST. 

Add your questions here: ‚û°Ô∏è https://t.co/5x0ANDxlFx
Add to calendar: üóìÔ∏è https://t.co/OyxNWiHNjy",cloudsandbox,crm,2021-10-20,10,2021,2021_q4
2021-10-20 18:31:47+00:00,1450892519722524673,"Questions about developer tools? Bring them to our next Salesforce Developers #AskMeAnything session on October 27, 9:00 a.m PT | 9:30 p.m IST. 

Add your questions here: ‚û°Ô∏è https://t.co/JMgMCxkZ91
Add to calendar: üóìÔ∏è https://t.co/757OdNGRK4",SalesforceDevs,crm,2021-10-20,10,2021,2021_q4
2021-10-14 18:30:05+00:00,1448717764412133385,"Webinar Alert üö® Project Management 101 for Growing Professional Services Firms. Tune in on Tuesday, October 19 from 2:00 PM - 2:30 PM EDT to learn how can you drive productivity by managing projects in Salesforce.
https://t.co/cWYZUlZ1Eu",roycon,crm,2021-10-14,10,2021,2021_q4
2021-10-14 06:45:17+00:00,1448540396062011394,"New #Salesforce_training batch update from #Swhizz Technologies
‚úçÔ∏èEnroll Now: https://t.co/3okNh9NSA6
üëâAttend Free Demo On Salesforce.
üìÖDemo On: Monday 18th October @ 11:00 AM (IST)
#Salesforce #salesforce_CRM #salesforce_admin #salesforce_developer #salesforce_Training https://t.co/JReYycIYeB",Swhizzofficial,crm,2021-10-14,10,2021,2021_q4
2021-10-11 12:46:58+00:00,1447544251366084615,"$Inc. released several software upgrades to the RealtyJuggler Real Estate CRM [15s. delayed]: Issued Press Release on October 11, 08:43:00: RealtyJuggler Real Estate Software Adds Voice Dialer https://t.co/EXkuwK446g",FlashAlert_me,crm,2021-10-11,10,2021,2021_q4
2021-10-07 19:53:00+00:00,1446201914647928837,"Looks like another Salesforce DevOps Center discussion is on tap. I'll be posting any news. Funny how they don't put DevOps in the title! #SalesforceDevops

Salesforce Best Practices for Shipping Apps Faster
OCTOBER 27 11:00 AM PT

https://t.co/WdfhQS8BFv",salesforcedevop,crm,2021-10-07,10,2021,2021_q4
2021-10-06 09:25:03+00:00,1445681497571164162,"Don't miss @EPAMSYSTEMS @polsource at the @salesforce Innovation Days: Dubai tomorrow, October 7th. Be sure to catch our team presenting at the Retail session 12:15 - 18:00.

Register now! https://t.co/b7jdHLFt15 https://t.co/OZkpuS3ZZT",polsource,crm,2021-10-06,10,2021,2021_q4
2021-09-30 11:25:02+00:00,1443537367453913089,"@EPAMSYSTEMS @polsource is proud to be a sponsor of @salesforce Innovation Days: Dubai on October 7th. Be sure to catch our team presenting at the Retail session 12:15 - 18:00.  #MENA

Register now! https://t.co/q5dYju4yZ0 https://t.co/6dA16NQEDe",polsource,crm,2021-09-30,9,2021,2021_q3
2021-09-26 11:10:24+00:00,1442084133358821382,"https://t.co/IE9NccvFsG, inc. $CRM

Price/Sales (ttm) 11.88
Forward P/E 63.61
Profit Margin 9.99%
Operating Margin (ttm) 4.92%
Return on Equity (ttm) 5.01%
Forward Annual Dividend Yield N/A
Payout Ratio 0.00%
Current Ratio (mrq) 0.94
Levered Free Cash Flow (ttm)8.52B https://t.co/u1kE6yG4H7",Tripple65904021,crm,2021-09-26,9,2021,2021_q3
2021-09-24 20:01:02+00:00,1441492893185691651,"$crm
just to save money 65 cents &amp; 65 cents using robinhood(few people call it #robbinghood) as options clearing time is 12:00 PM ESt or 3:00PM EST, 
Just missing last one hour uptrend of $236
#Salesforce @salesforce the winner with #slack and #tableu and good leadership. #long https://t.co/w2cSlh7zjT",LakshmiPKoppolu,crm,2021-09-24,9,2021,2021_q3
2021-09-24 03:15:14+00:00,1441239777311813640,"https://t.co/3w4eoznWVp, inc. $CRM Insider Sells $326,640.00 in Stock https://t.co/AOfIn5VZgl",WatchlistN,crm,2021-09-24,9,2021,2021_q3
2021-09-23 18:16:33+00:00,1441104212247547906,#News Salesforce Boosts Sales Outlook as Covid-19 Continues to Lift Demand: ¬†Source: Salesforce Boosts Sales Outlook as Covid-19 Continues to Lift Demand Discovered on: 2021-09-23 18:06:00 https://t.co/K4ozQgApZ4 Inc. boosted its full-year sales‚Ä¶ https://t.co/znflN6Hfhc https://t.co/dj3jrtwPQ7,BizJournalBiz,crm,2021-09-23,9,2021,2021_q3
2021-09-23 17:50:03+00:00,1441097546256969739,"Session at  2:00 p.m. ET. Join the IT main event to see the latest innovations, from Backup and Restore and DevOps Center, to @Salesforce Functions and more.
Join now: https://t.co/dabUb4H7Qe

#DF21 #dreamforce #salesforce #Salesforceohana #trailblazers #successanywhere https://t.co/rp72QrTHmR",ceptessoftware,crm,2021-09-23,9,2021,2021_q3
2021-09-23 17:06:03+00:00,1441086469821530123,"""Coaching can't be something you put in the diary every Friday at 10:00 a.m. It's gotta be a real time learning on the job."" Marcus Jewell's gems on coaching sales teams. 

Tune in now or catch later on Salesforce+: https://t.co/xyCJ8TMpDn #DF21",salescloud,crm,2021-09-23,9,2021,2021_q3
2021-09-23 15:48:20+00:00,1441066911865901059,"Session to follow at 12:00 p.m. ET. Hear how @Salesforce and customers are accelerating their path to net-zero. 
Join now: https://t.co/mtjPxc0YJD

#DF21 #dreamforce #Salesforce #Salesforcepartner #Salesforceohana #trailblazers #successanywhere https://t.co/oL1ByfRVTB",ceptessoftware,crm,2021-09-23,9,2021,2021_q3
2021-09-23 14:57:00+00:00,1441053994646966273,üìÖ $CRM: Salesforce https://t.co/WuMTQ1Cpgh Inc Investor Day event starting soon (11:00 AM) https://t.co/7lQhy8jsNH,AieraAlerts,crm,2021-09-23,9,2021,2021_q3
2021-09-23 10:52:10+00:00,1440992381499846668,"This week is @Dreamforce and on the first day, @screaminggeek (SVP, Salesforce DX) and @maguire_justin (Salesforce's CDO) discussed my latest project, our new Salesforce DX Design Principles.

ü™Ñ Magical
üëâ Opinionated
‚ö°Ô∏è Progressively Powerful

https://t.co/lNNGv47EAe 16:00 mark",arianaescobar,crm,2021-09-23,9,2021,2021_q3
2021-09-22 20:45:29+00:00,1440779306179829773,"Join industry @Trailblazers to learn how @Salesforce unifies our ecosystem for seamless experiences and outcomes from anywhere. Session at 5:00 p.m. ET. 
https://t.co/cbCHFLroXx

#DF21 #dreamforce #salesforce #Salesforceohana #successanywhere https://t.co/cc5PP5APmx",ceptessoftware,crm,2021-09-22,9,2021,2021_q3
2021-09-22 18:48:41+00:00,1440749912589672459,"Session will follow 3:00 p.m. ET. Join to know how @tableau can help you create a strong data culture to unleash the full power of your data.
https://t.co/1fVc8BqKrV

#DF21 #dreamforce #salesforce #Salesforceohana #successanywhere #trailblazers https://t.co/IzCWtY3a2O",ceptessoftware,crm,2021-09-22,9,2021,2021_q3
2021-09-22 18:45:02+00:00,1440748994146156556,"Catch @salesforce's Dreamforce session, ""Grow Faster and Reach Further with Partners."" We hope to see you there! 

Session ‚û°Ô∏è https://t.co/Kkm916fYqe 
Date/time ‚û°Ô∏è Wednesday Sept. 22, 12:00 p.m. PT",OwnBackup,crm,2021-09-22,9,2021,2021_q3
2021-09-22 17:57:00+00:00,1440736906006839311,üìÖ $CRM: Salesforce Rocket Companies Inc Vice Chairman and CEO Jay Farner To Present At Salesforce Dreamforce Conference event starting soon (2:00 PM) https://t.co/ioT9aWvYIs,AieraAlerts,crm,2021-09-22,9,2021,2021_q3
2021-09-22 17:21:49+00:00,1440728052405731332,The Dreamforce Education Cloud Keynote starts in 40 minutes at 2:00 EST on Salesforce+: https://t.co/VpEABYnjaG,chaddorshorst,crm,2021-09-22,9,2021,2021_q3
2021-09-22 16:57:09+00:00,1440721844307329038,"Session at 1:00 p.m. ET. Tune in to see how admins, developers, and architects can seamlessly integrate apps, automate processes, and harness the power of APIs.
https://t.co/h4yH4UBuEC

#DF21 #dreamforce #salesforce #Salesforceohana #successanywhere #trailblazers https://t.co/xjmFFmSriJ",ceptessoftware,crm,2021-09-22,9,2021,2021_q3
2021-09-22 16:46:55+00:00,1440719268912328705,"The session on ""The Art of Transformation"" will be live at 1:00 PM ET. Don't miss it.
https://t.co/MyT9X5C0Ro

#DF21 #dreamforce #Salesforce #Salesforceohana #successanywhere #trailblazers #Salesforcepartner https://t.co/Z60KQguUw0",ceptessoftware,crm,2021-09-22,9,2021,2021_q3
2021-09-22 16:12:18+00:00,1440710558261538834,"Did you catch your session yesterday at #Dreamforce 2021? If not, join us at #Dreamforce Day 2 from 12.00 PM ET. Dreamforce is #Salesforce‚Äôs annual event that will change the way you think about business and innovation. #Free for everyone. Sep 21-23 https://t.co/ty1MlZ9flQ

#DF21",app_solve,crm,2021-09-22,9,2021,2021_q3
2021-09-22 14:58:41+00:00,1440692031920033807,#RT @marketingcloud: üì£ ‚è∞ It‚Äôs almost time! üì£ ‚è∞ Watch the Latest with the Greatest to learn about the future of digital. ‚åõÔ∏è ü§ñ Tune in at 10:00 a.m. PT on the Customer 360 channel on Salesforce+. üçø üòé #DF21 #D360Latest https://t.co/6UCz57LPLr https://t.co/IGbGabK68i,PenfieldDigital,crm,2021-09-22,9,2021,2021_q3
2021-09-22 14:00:53+00:00,1440677483225878532,üì£ ‚è∞ It‚Äôs almost time! üì£ ‚è∞ Watch the Latest with the Greatest to learn about the future of digital. ‚åõÔ∏è ü§ñ Tune in at 10:00 a.m. PT on the Customer 360 channel on Salesforce+. üçø üòé #DF21 #D360Latest https://t.co/oGGu0HkvqM https://t.co/A14GJSbR5i,marketingcloud,crm,2021-09-22,9,2021,2021_q3
2021-09-22 13:30:17+00:00,1440669783721066496,‚òÄÔ∏è üç≥ Rise and shine! ‚òïÔ∏è ‚òÄÔ∏è Today is the day üëÄ ‚Äî watch the Latest with the Greatest. Tune in at 10:00 a.m. PT on the Customer 360 channel on Salesforce+. üçø üòé #DF21 #D360Latest https://t.co/GfAuMFyixQ https://t.co/mW9NC2mptm,CommerceCloud,crm,2021-09-22,9,2021,2021_q3
2021-09-22 02:00:04+00:00,1440496087043768320,"Ready, set, go! üí•

The Dreamforce Asia-Pacific Takeover starts TODAY.

Join us on Salesforce+ for all the #DF21 action üîó https://t.co/1CkiSkXKr5

‚è∞ Streaming from 8:30 A.M. IST | 11:00 A.M. SGT/HKT | 1:00 P.M. AEST | 3:00 P.M. NZST https://t.co/qjuwQIgROc",salesforceapac,crm,2021-09-22,9,2021,2021_q3
2021-09-21 19:47:58+00:00,1440402441942409217,"Join the session at 4:00 p.m. ET and know how #trailblazers are becoming data-focused, AI-savvy, and agile. @SlackHQ
https://t.co/joPKgK7CmC

#DF21 #dreamforce #dreamforce2021 #Salesforce #Salesforcepartner #Salesforceohana #successanywhere https://t.co/BKy851whHZ",ceptessoftware,crm,2021-09-21,9,2021,2021_q3
2021-09-21 18:47:00+00:00,1440387098591121408,"Session to follow at 3:00 P.M. ET. In this main event, trailblazing entrepreneurs will share their journey, scaling secrets, and the reason for loving being part of the partner ecosystem. @Salesforce
https://t.co/TlVmr8q2NQ

#DF21 #dreamforce #trailblazers #successanywhere https://t.co/q1dVC1MyNA",ceptessoftware,crm,2021-09-21,9,2021,2021_q3
2021-09-21 12:30:08+00:00,1440292260034187271,"üöóüí® Ready, set, accelerate! Learn tips to speed up your partner practice and business growth. Salesforce leaders will share their thoughts on how differentiating your offerings can win you new business.

Happening today at 12:00 p.m. PT / 3:00 p.m. ET: https://t.co/Si13dAIr2a https://t.co/rxZRbcEHxm",partnerforce,crm,2021-09-21,9,2021,2021_q3
2021-09-21 12:13:14+00:00,1440288005902659597,"$CRM [15s. delayed]: Issued Press Release on September 21, 08:06:00: Salesforce Launches Health Cloud 2.0, a Connected Platform to Help Deliver Health and Safety from Anywhere https://t.co/ulzt3bdO9E",FlashAlert_me,crm,2021-09-21,9,2021,2021_q3
2021-09-21 11:52:22+00:00,1440282755724496899,"Amref‚Äôs Global Ambassador on Ending FGM - @NiceLengete  Join her on Tuesday, September 21st prime time 21:30 ‚Äì 22:00 CET. What is needed for change? What can we do together? Tune in to #DF21 for an inspiring panel: https://t.co/JXtoFveyEv @Dreamforce @Salesforce https://t.co/9hfJGNyiPy",Amref_Uganda,crm,2021-09-21,9,2021,2021_q3
2021-09-21 03:37:36+00:00,1440158242076692480,"Our Global #EndFGM Ambassador, @NiceLengete will explore w/ 2 other inspiring speakers how the next generation is reimagining the future and leading a movement for inclusive change. 

Join her on #DF21 today, from 21:30 - 22:00 CE. https://t.co/r9Xmt713ho @Dreamforce @salesforce https://t.co/CesLYaOZvo",Amref_Worldwide,crm,2021-09-21,9,2021,2021_q3
2021-09-20 18:05:30+00:00,1440014268259192835,"Want to learn how to turn scrolling into shopping? üõí üì± ‚úÖ 

Watch the Latest with the Greatest to learn all the tricks on 9/22 at 10:00 a.m. PT on the Customer 360 channel on Salesforce+. üåÉ üçø #DF21 #D360Latest

https://t.co/pPzedxZ9xU https://t.co/5WCO0rUNAf",CommerceCloud,crm,2021-09-20,9,2021,2021_q3
2021-09-20 17:30:21+00:00,1440005422056890371,üìà üë©üèæ‚Äçüíª* Online spending is on the rise. üìà üõí* Learn how to make the most of consumer trends. Watch the Latest with the Greatest on 9/22 at 10:00 a.m. PT on the Customer 360 channel on Salesforce+. üåÉ üçø #DF21 #D360Latest https://t.co/vP7SDssqj4 https://t.co/wQ3mCHHO5P,ExperienceCloud,crm,2021-09-20,9,2021,2021_q3
2021-09-20 12:12:06+00:00,1439925334430867459,"Tune in to #DF21 for an inspiring panel: The Next Normal Designed by the Next Generation: 21st September prime time 21:30 ‚Äì 22.00 CET with 
@NiceLengete, @BrownGirl_Green, and @EddieNdopu: https://t.co/bWeqg4IMDj @Dreamforce @salesforce https://t.co/2qsGMkr7Uq",Amref_Kenya,crm,2021-09-20,9,2021,2021_q3
2021-09-20 11:51:58+00:00,1439920266000412676,"Tune in to #DF21 for an inspiring panel: The Next Normal Designed by the Next Generation: 21st September prime time 21:30 ‚Äì 22.00 CET with @NiceLengete, @BrownGirl_Green, and @EddieNdopu: https://t.co/r9Xmt6JspQ @Dreamforce @salesforce",Amref_Worldwide,crm,2021-09-20,9,2021,2021_q3
2021-09-20 00:41:08+00:00,1439751443813048321,"Watch our @ExperienceCloud Roadmap Session at @Dreamforce this Wednesday, September 22nd, at 4:00 pm PT, to see the future of @salesforce's customer-first, digital experience platform. https://t.co/pjK0zomdOt",AdamWegel,crm,2021-09-20,9,2021,2021_q3
2021-09-18 17:30:30+00:00,1439280685190160384,"üßê üîÆ Wondering about the future of digital? üßê üì± 

Check out the Latest with the Greatest for a recap of this year‚Äôs tech trends and insights on what‚Äôs next. Catch us on 9/22 at 10:00 a.m. PT on the Customer 360 channel on Salesforce+. #DF21 #D360Latest https://t.co/lvgYWxdKYj https://t.co/nv1GlR0eNm",ExperienceCloud,crm,2021-09-18,9,2021,2021_q3
2021-09-17 19:00:21+00:00,1438940909618532354,"Next week, catch @salesforce's Dreamforce session, ""Grow Faster and Reach Further with Partners."" We hope to see you there! 

Session ‚û°Ô∏è https://t.co/Kkm915YnyG 
Date/time ‚û°Ô∏è Wednesday Sept. 22, 12:00 p.m. PT",OwnBackup,crm,2021-09-17,9,2021,2021_q3
2021-09-17 13:49:28+00:00,1438862674008293377,"Targets Raised Today:
$CRM salesforce $320.00 ‚ûù $330.0
$DDOG Datadog $156.00 ‚ûù $180.00
$FB Facebook $425.00 ‚ûù $440.00
$GOOGL Alphabet $3,150.00 ‚ûù $3,325.00
$LULU Lululemon $405.00 ‚ûù $520.00
$MDB MongoDB $505.00 ‚ûù $590.00
$MSFT Microsoft $330.00 ‚ûù $345.00",DataNetNews,crm,2021-09-17,9,2021,2021_q3
2021-09-17 08:50:48+00:00,1438787508293210112,"Insider Selling: https://t.co/3w4eoz6m3R, inc. $CRM CEO Sells $5,071,800.00 in Stock https://t.co/2RTRpiIyzS",WatchlistN,crm,2021-09-17,9,2021,2021_q3
2021-09-17 06:42:03+00:00,1438755107735101441,"Outside IR35 Salesforce CRM Campaign Manager at Claremont Consulting, City and County of the City of London, ¬£0.00 per Year https://t.co/grrq4Uh8G2 Join now! #IR35 #OutsideIR35",Outside_Spy,crm,2021-09-17,9,2021,2021_q3
2021-09-16 20:33:41+00:00,1438602007808466951,"$CRM [15s. delayed]: Issued Press Release on September 16, 16:30:00: Salesforce to Hold Annual Investor Day on September 23, 2021 https://t.co/u0H0X6APIE",FlashAlert_me,crm,2021-09-16,9,2021,2021_q3
2021-09-16 20:32:52+00:00,1438601802367315970,"* Salesforce To Hold Annual Investor Day On September 23, 2021 Beginning At 11:00 a.m. ET

(via @Benzinga) $CRM",Live_News_Nick,crm,2021-09-16,9,2021,2021_q3
2021-09-15 18:30:13+00:00,1438208548975095808,"Ready to get that digital glow-up?üì± üî• 

Watch the Latest with the Greatest and get your business ready to roll out the red carpet for your customers. üíÉüèΩ 

Catch us on 9/22 at 10:00 a.m. PT on the Customer 360 channel on Salesforce+. #DF21 #D360Latest https://t.co/OEiHLVkxSr https://t.co/XSRP09gAUc",CommerceCloud,crm,2021-09-15,9,2021,2021_q3
2021-09-14 12:01:42+00:00,1437748386665570306,"$MAPS [15s. delayed]: Issued Press Release on September 14, 08:00:00: WM Technology, Inc. Acquires Leading Cannabis CRM &amp;amp; Marketing Platform Sprout https://t.co/eZGt4Yu3JE",FlashAlert_me,crm,2021-09-14,9,2021,2021_q3
2021-08-30 21:16:15+00:00,1432452129424281616,"Good news: Salesforce Dreamforce conference is free for anyone to attend this year (Sept. 21-23, 2021, 11:30am ‚Äì 7:00 pm CST). Register now to attend virtually for free! https://t.co/jN7oKQVbkz

#innovation #salesforcepartner https://t.co/92JzjH5NzA",MaverickDigital,crm,2021-08-30,8,2021,2021_q3
2021-08-28 14:24:26+00:00,1431623714186092549,"Friday Aug, 27 $CRM #Salesforce closing price: 266,53 USD
CALL Premiun: 1,90 p/c (190,00 USD)
PUT Premiun: 1,35 p/c (135,00 USD)
Total Profit: 325,00 USD
#optionstrade #options #Traders #optionselling #Options #optiontrading #option #WallStreet #wallstreetbets #daytrader https://t.co/x4NSA6twhd",rteixeira23,crm,2021-08-28,8,2021,2021_q3
2021-08-27 21:00:43+00:00,1431361055494709255,"$CRM [15s. delayed]: Issued Press Release on August 27, 17:00:00: Salesforce Grants Equity Awards to Slack Employees Under Its Inducement Equity Incentive Plan https://t.co/LQCkgGRKkX",FlashAlert_me,crm,2021-08-27,8,2021,2021_q3
2021-08-26 13:34:59+00:00,1430886493262782469,"Targets Raised Today:
$CRM salesforce $280.00 ‚ûù $340.00
$DKS DICK'S Sporting Goods $128.00 ‚ûù $160.00
$INTU Intuit $475.00 ‚ûù $625.00
$SNOW Snowflake $265.00 ‚ûù $320.00
$ULTA Ulta Beauty $385.00 ‚ûù $490.00
$WSM Williams-Sonoma $205.00 ‚ûù $220.00",DataNetNews,crm,2021-08-26,8,2021,2021_q3
2021-08-25 20:57:01+00:00,1430635345951985672,üìÖ $CRM: Salesforce earnings event starting soon (5:00 PM) https://t.co/aCobeRkh30,AieraAlerts,crm,2021-08-25,8,2021,2021_q3
2021-08-25 20:10:46+00:00,1430623709509955590,"$CRM [15s. delayed]: Issued Press Release on August 25, 16:05:00: Salesforce Announces Strong Second Quarter Fiscal 2022 Results https://t.co/yCDCjjD498",FlashAlert_me,crm,2021-08-25,8,2021,2021_q3
2021-08-24 15:30:00+00:00,1430190662343794689,"Mark your calendar for 12:00 p.m. PT on Sep 1! üìÖ

We'll be talking all about #DataPrivacy considerations and configuration options within the Salesforce Platform. 

#TrailheadLive 

https://t.co/VpQSoxR1QE",SalesforceArchs,crm,2021-08-24,8,2021,2021_q3
2021-08-23 18:45:05+00:00,1429877370052296708,"Stock: $CRM - Salesforce
*** NEWS ***
Barclays Increases https://t.co/CQcDbxrW09 (NYSE:CRM) Price Target to $291.00 - MarketBeat
https://t.co/Q0Jgt0Cp3J
Try now the Best Pivot Point Calculator!! https://t.co/QAggKu4VvG
#tradingview
#stocks
#stockstowatch https://t.co/FNiEWEwVPe",bs_marker,crm,2021-08-23,8,2021,2021_q3
2021-08-10 19:30:10+00:00,1425177674868170752,"Partners, get ready for @SlackHQ officially being a part of Salesforce! 

üì∫‚¨áÔ∏èTune into this broadcast on Tuesday, August 17, 10:00 a.m. PT to discover how the two platforms are coming together. 

https://t.co/erGmSrGobH",partnerforce,crm,2021-08-10,8,2021,2021_q3
2021-08-09 12:01:34+00:00,1424702392789049344,"$CRM [15s. delayed]: Issued Press Release on August 09, 08:00:00: Salesforce Recognized as a Leader in 2021 Gartner¬Æ Magic Quadrant for Sales Force Automation https://t.co/mjrKtKStx0",FlashAlert_me,crm,2021-08-09,8,2021,2021_q3
2021-08-08 13:16:28+00:00,1424358853672509442,"URGENT REQUIREMENT: QA Lead -CRM - SALESFORCE PREFERABLE. Reference ID: ANAN-07
Part-time hours: 40 per week
Job Types: Full-time, Part-time, Contract, Permanent
Salary: ¬£350.00 per day
Interested plz click in the below and apply with your updated profile.
https://t.co/LOEBdDTxuB",SPrasadRao12,crm,2021-08-08,8,2021,2021_q3
2021-08-06 16:57:17+00:00,1423689647989805065,"Sign up for Salesforce Marketing in Motion: Insights and Tips from 8,200 Marketers Succeeding from Anywhere, on August 12 at 10:00 a.m. PT
Discover the key insights, trends, &amp; ideas shaping the future of marketing and your career. #MarketingChampions
https://t.co/7U8rWjf4EC",ZenobiaNoor,crm,2021-08-06,8,2021,2021_q3
2021-08-06 08:32:26+00:00,1423562596133736461,"Join us for the  #LIVE event today at 5:00 pm.
'Will Salesforce as a #Skill / CRM replace Oracle, SAP, Microsoft in the digital job market? Our #TalentAcquisition experts will share their opinion pertaining to the latest #CRM's to the legacy ones.
#salesforcecareers https://t.co/1rQrJt4P6o",recruise,crm,2021-08-06,8,2021,2021_q3
2021-08-05 15:02:47+00:00,1423298445436149760,"CRM for Construction: A Blueprint for Success - Upcoming Webinar September 08, 2021 09:00 AM PDT. Free Registration: https://t.co/z1RILhJhoZ via @Salesforce https://t.co/6kKyxidYpj",fastslowmotion,crm,2021-08-05,8,2021,2021_q3
2021-08-04 13:27:15+00:00,1422912014012219402,"'Will Salesforce as a #Skill / #CRM replace Oracle, SAP, Microsoft in the #digital job market? Join us at the #LIVE event on Friday, 5:00 pm, to understand from our #TalentAcquisition experts of @recruise . Click https://t.co/ysq6XxVFVF.
#Servicenow #salesforcecareers #HR #SFDC https://t.co/V3nLYRDPFI",recruise,crm,2021-08-04,8,2021,2021_q3
2021-08-04 07:25:36+00:00,1422821004758245377,"üëâSALESFORCE CRM Online Demo on 11th August @ 7:00 AM (IST) By Mr.Sandeep.
‚úçÔ∏èJoin URL: https://t.co/K4tHquUAmx
üí•With Videos Fee: 12,000/-
üí•Without Videos Fee: 8,000/-
üì≤+91-8179191999
 Telegram: https://t.co/VWn7dyuSGg
#Salesforcecrm #cloud #courses #onlinetraining #Education https://t.co/L27s2W0zyj",nareshitech,crm,2021-08-04,8,2021,2021_q3
2021-08-03 15:58:06+00:00,1422587588561489922,"Are you looking for better engagement across the board? Karl Wirth, VP of Product Management with Salesforce, will be presenting on ""The Top 5 Real-Time Personalization Trends of 2021"" on August 11th, 2021, at 12:00 PM EDT.
https://t.co/g4h8R5bDyZ https://t.co/c73LdxWtEY",offpremtech,crm,2021-08-03,8,2021,2021_q3
2021-08-03 03:20:01+00:00,1422396810635747328,"The 41 #analysts offering 12-month price #forecasts for https://t.co/CDhDpz32X8 Inc have a¬†median #target of 285.00, with a high estimate of 320.00 and a low #estimate of 200.00. The median estimate represents a +18.31% #increase from the last #price of 240.89. https://t.co/HXsA5dGxph",EricWMtrader,crm,2021-08-03,8,2021,2021_q3
2021-08-02 20:35:52+00:00,1422295105839538180,"$CRM [15s. delayed]: Issued Press Release on August 02, 16:30:00: Salesforce Announces Timing of its Second Quarter Fiscal 2022 Results Conference Call https://t.co/o7ljtozezg",FlashAlert_me,crm,2021-08-02,8,2021,2021_q3
2021-07-30 05:56:03+00:00,1420986527987818496,"Join URL: https://t.co/K4tHquUAmx
With Videos Fee: 12,000/- Only
Without Videos Fee: 8,000/- Only
SALESFORCE CRM Online Training Demo on 4th August 7:00 AM (IST) By Mr.Sandeep.
Join us on Telegram: https://t.co/VWn7dyuSGg

#Salesforcecrm #cloud #courses #onlinetraining #education https://t.co/QHy5loSjpq",nareshitech,crm,2021-07-30,7,2021,2021_q3
2021-07-22 12:34:26+00:00,1418187681109000192,"SalesforceDevs: Join Salesforce Developer Advocates on the new #TrailblazerCommunity site for our monthly Ask Me Anything and get your questions answered live! 
‚û°Ô∏è https://t.co/Z0v21Wwuom 

Tune in July 28 9:00 a.m. PT / 6:00 p.m. CET. Hosted by @julian_duque and @msrivastav13 ‚Ä¶",cloudsandbox,crm,2021-07-22,7,2021,2021_q3
2021-07-22 12:00:01+00:00,1418179018835251207,"Join Salesforce Developer Advocates on the new #TrailblazerCommunity site for our monthly Ask Me Anything and get your questions answered live! 
‚û°Ô∏è https://t.co/JMgMCxCAxB 

Tune in July 28 9:00 a.m. PT / 6:00 p.m. CET. Hosted by @julian_duque and @msrivastav13 

#SFDevsAMA",SalesforceDevs,crm,2021-07-22,7,2021,2021_q3
2021-07-21 13:03:51+00:00,1417832697788051457,"$CRM [15s. delayed]: Issued Press Release on July 21, 08:45:00: Salesforce Completes Acquisition of Slack https://t.co/YMIh4hR7xC",FlashAlert_me,crm,2021-07-21,7,2021,2021_q3
2021-07-20 15:00:37+00:00,1417499693911838730,"Get the tools and expertise you need to drive business value *today* on #TrailheadLIVE üéâ

Join @amyregmore and @carolinem98 at 9:00 am PT to learn how Success Plans and access to Salesforce experts can help your business find success with Salesforce: https://t.co/xQNAmkOIUH https://t.co/22oSuCNj3e",asksalesforce,crm,2021-07-20,7,2021,2021_q3
2021-07-20 14:30:10+00:00,1417492032562602005,"üõ†Get the tools and expertise you need to drive business value TODAY. 

Join @amyregmore and @carolinem98 at 9:00 am PT on #TrailheadLIVE to learn how both Success Plans and access to Salesforce experts can help your business find success with Salesforce.

https://t.co/KZphisfLoi",trailhead,crm,2021-07-20,7,2021,2021_q3
2021-07-15 14:30:25+00:00,1415680154454478848,"Learn how to start driving Salesforce adoption at your company TODAY on #TrailheadLIVE üéâ

Join Paul Harrison and Areum Kim-Lee at 4:00 pm PT as they take you through how our enablement experts can empower your teams to be successful with Salesforce. 

https://t.co/ZOuPg4zCJS https://t.co/foQh3QQyv9",trailhead,crm,2021-07-15,7,2021,2021_q3
2021-07-14 15:30:08+00:00,1415332795354845185,"Reach your business goals... Faster ‚ö°Ô∏è

Join @amyregmore and @carolinem98 on #TrailheadLIVE to learn how Trailhead Academy &amp; the Customer Success Group are teaming up to help customers find success with Salesforce.  

üìÜ July 20, 9:00 am PT
https://t.co/Xq9Z43FRAm https://t.co/CjfMhMwWWr",trailhead,crm,2021-07-14,7,2021,2021_q3
2021-07-14 14:02:10+00:00,1415310658200084483,"$CRM [15s. delayed]: Issued Press Release on July 14, 10:00:00: Total Expert Announces Salesforce Integration to Extend Marketing and Customer Engagement Specifically for Financial Institutions https://t.co/N5nkhY31lH",FlashAlert_me,crm,2021-07-14,7,2021,2021_q3
2021-07-14 12:16:43+00:00,1415284119207096321,"$CRM [15s. delayed]: Issued Press Release on July 14, 08:00:00: Salesforce Debuts Advertising Sales Management for Media Cloud to Automate Ad Sales and Improve Campaign Performance for Publishers https://t.co/XjQag1bstb",FlashAlert_me,crm,2021-07-14,7,2021,2021_q3
2021-07-13 17:37:34+00:00,1415002477188063238,"SalesforceDevs: RT @SalesforceArchs: Join @burki_db, @rakremi and @azlus from @Accenture as they talk about using #Salesforce DX and package-based ALM at scale on the Salesforce Platform. 

Tune in July 15 at 12:00 p.m. PT on #TrailheadLive. üì∫
https://t.co/W2EHK0Jkpj",cloudsandbox,crm,2021-07-13,7,2021,2021_q3
2021-07-13 16:56:26+00:00,1414992126090256385,"Join @burki_db, @rakremi and @azlus from @Accenture as they talk about using #Salesforce DX and package-based ALM at scale on the Salesforce Platform. 

Tune in July 15 at 12:00 p.m. PT on #TrailheadLive. üì∫
https://t.co/SBtJap5hZs",SalesforceArchs,crm,2021-07-13,7,2021,2021_q3
2021-07-12 17:33:06+00:00,1414638963344740366,"ü¶âAdopting new technology can be hard for employees but we can help!

Learn how Salesforce Enablement Services can enable &amp; empower your teams to be successful with Salesforce on #TrailheadLIVE

üìÜJoin Paul Harrison and Areum Kim-Lee on July 15, 4:00 pm PT
https://t.co/ZTzXB21GEX https://t.co/KIijKBOE6L",trailhead,crm,2021-07-12,7,2021,2021_q3
2021-07-12 14:59:37+00:00,1414600338951348224,"Don't forget to come and join Adam Doti and Suzanne Veljanoski as they unpack the new Salesforce Designer Role and Certification. July 12th at 12:00 PM ET. 
https://t.co/gVhspSWAaP",MacMcConnachie,crm,2021-07-12,7,2021,2021_q3
2021-07-09 14:32:05+00:00,1413506248301940738,"üê∫ Get more out of Salesforce!

Join @amyregmore and @carolinem98 on #TrailheadLIVE to learn how Success Plans and access to Salesforce experts can help you maximize your Salesforce investment. 

üìÜ July 20, 9:00 am PT
üñ•Ô∏è Trailhead LIVE https://t.co/YD91K1Kt4G https://t.co/IG9vS1bGlK",trailhead,crm,2021-07-09,7,2021,2021_q3
2021-07-08 17:29:04+00:00,1413188399448694792,"üëÄ Looking to drive Salesforce adoption? 

Join Paul Harrison and Areum Kim-Lee on #TrailheadLIVE to learn how Salesforce Enablement Services can empower your teams to be successful with Salesforce. 

üìÜ July 15, 4:00 pm PT
üñ•Ô∏è Trailhead LIVE https://t.co/QpDOgeA5ZD https://t.co/MubDVHec1s",trailhead,crm,2021-07-08,7,2021,2021_q3
2021-11-07 08:56:44+00:00,1457270785853300736,"@chevron_paul @Logo_Daedalus 13:00 ""Republicans are fantasizing about Civil War since the golde age of the Tea Party. They need to uphold the constitution by killing half the people in the country who don't rever it in the same way they do""

LMAO this level of psychological projection from the Chapotards üò¨",Nazboleon,cvx,2021-11-07,11,2021,2021_q4
2021-11-07 02:00:18+00:00,1457165985798975488,"From our online store:
Frosted White Opal Matte Metallic Gold Wash Glass Chevron Dagger Czech Glass Beads: https://t.co/HpvhwPc9uX
In stock for only $8.00!
If you love this, please hit that share button! Your support means the world to us! ‚ù§Ô∏è https://t.co/rnFdu2aLTm",AllegoryGallery,cvx,2021-11-07,11,2021,2021_q4
2021-11-05 16:00:39+00:00,1456652689614516228,"üí∞ Looking for a steal? Chevron Pattern Contrast Trim Sweater Dress is now selling at $26.00 üí∞
üëâ Product by Bellaza by Candykays  üëà
 Grab it ASAP https://t.co/EuMYmTvwix https://t.co/K1FZEkiaxy",tiffanytwists,cvx,2021-11-05,11,2021,2021_q4
2021-11-05 13:04:15+00:00,1456608299273519111,"@Stonebearlives Close to $4.00 a gallon for a named brand. Think Chevron, Shell, etc.",LiamMcBaen,cvx,2021-11-05,11,2021,2021_q4
2021-11-05 04:20:19+00:00,1456476446008885248,@KaylaChowShow Back in the 60's in Florida Chevron had a Hawaiian theme for a while. Girls in Bikinis' pumped your gas. All the dads got $1.00 in gas probably every day or twice a day if they could.,XXXL74,cvx,2021-11-05,11,2021,2021_q4
2021-11-03 18:55:42+00:00,1455971967958409220,"Mark your calendars! Chevron's 2019 Delo TRC Grand Champion, Matthew Machicek, will be featured on the next Classic Tractor Fever episode airing Saturday, Nov. 6, at 12:30 pm eastern time and again Monday, Nov. 8, at 1:00 am eastern. Don't miss it! #tractor #Restoration https://t.co/syMIMxQtUY",DeloTRC,cvx,2021-11-03,11,2021,2021_q4
2021-11-03 17:37:23+00:00,1455952260735717377,mfs go to chevron and mobil where gas is 4.70-4.90 and then complain about the price when arco is literally 4.00-4.30. stupid hurts i guess,fvckjake_,cvx,2021-11-03,11,2021,2021_q4
2021-11-03 15:03:57+00:00,1455913646656266241,"üí∞ Looking for a steal? Chevron Pattern Contrast Trim Sweater Dress is now selling at $26.00 üí∞
üëâ Product by Bellaza by Candykays  üëà
 Grab it ASAP https://t.co/6uPkmSMNBz https://t.co/YjUoO0p7gg",tiffanytwists,cvx,2021-11-03,11,2021,2021_q4
2021-11-01 18:22:58+00:00,1455238953192263689,"Chevron decided give us gas money 

Taking home an extra $1,000 this morning on $CVX

Opened this last Thursday at 2.00 and taking profits today at 2.85 for a +42%

Who says Mondays are bad? Let's keep it going!

$CVX $AMC $GME $TWTR $KPLT $AMD $AMZD $BA $BYND https://t.co/chpgkm8kDb",tradetipsio,cvx,2021-11-01,11,2021,2021_q4
2021-11-01 13:51:00+00:00,1455170512506732546,Chevron $CVX Price Target Raised to $115.00 at Wells Fargo &amp; Company https://t.co/ss8pIamAwT #stocks,AmericanBanking,cvx,2021-11-01,11,2021,2021_q4
2021-11-01 12:02:05+00:00,1455143104193966083,"ü§Ø You won‚Äôt believe this! Chevron Pattern Contrast Trim Sweater Dress selling at $26.00 ü§Ø
by Bellaza by Candykays  ‚è© https://t.co/UUFlR7jtiu
üöÄ Selling out fast so be quick! üöÄ https://t.co/2axaYWDraH",tiffanytwists,cvx,2021-11-01,11,2021,2021_q4
2021-10-30 23:03:17+00:00,1454584721032286215,"Check out this product üòç White Chevron Waffle Top üòç 
by The Modern Luxe Boutique starting at $27.00. 
Shop now üëâüëâ https://t.co/Bzb4kyVXMS https://t.co/tkkyTTk3cu",kileyduvall7096,cvx,2021-10-30,10,2021,2021_q4
2021-10-30 15:54:54+00:00,1454476915704619010,"and that is not a Chevron price, Chevron is probably 5.00 or more",tavatoo,cvx,2021-10-30,10,2021,2021_q4
2021-10-29 19:53:18+00:00,1454174523973160965,"The judge who sent the attorney to jail (on behalf of Chevron) had major investments IN CHEVRON. The US attorney wouldn‚Äôt prosecute so this judge appointed his OWN LAW FIRM. 
You can‚Äôt make this up.
PS Chevron owes Ecuador $18,000,000,000.00
#chevron #Chevron_StopSponsoringSAC https://t.co/CHDhpXEJs7",PowerTripReport,cvx,2021-10-29,10,2021,2021_q4
2021-10-29 14:57:00+00:00,1454099958437715984,üìÖ $CVX: Chevron earnings event starting soon (11:00 AM) https://t.co/3D2y0WxMo3,AieraAlerts,cvx,2021-10-29,10,2021,2021_q4
2021-10-29 14:31:16+00:00,1454093480133730307,"@OneTimeinSoCal I was thinking yesterday when I filled my F-150. I used chevron with my points got a dollar off a gallon, then realized how pathetic I was to be excited to pay $3.00 a gallon! Lol, lucky to drive and be working I figure!",marcoleptic13,cvx,2021-10-29,10,2021,2021_q4
2021-10-29 11:29:11+00:00,1454047657526190083,"$CVX
üá∫üá∏
Chevron

Say what you will about them, &lt;3 the slides w/ commentary below..

Release
https://t.co/4LBMGf895F

Presentation
https://t.co/R0CQlIGlJL

Webcast 11:00 EDT
https://t.co/xVAEBK3M9r https://t.co/KXESyNvssI",john_bresnahan,cvx,2021-10-29,10,2021,2021_q4
2021-10-29 10:03:42+00:00,1454026148296511491,"$CVX [15s. delayed]: Issued Press Release on October 29, 06:00:00: Chevron Announces Third Quarter 2021 Results https://t.co/opEcRxXxuW",FlashAlert_me,cvx,2021-10-29,10,2021,2021_q4
2021-10-28 23:55:10+00:00,1453873002106531875,"@JLtweats @RepCasten @SeanCasten @Chevron @exxonmobil @APIenergy You don‚Äôt think Democrats are capable of this. They want to offer illegals $500,00.  Why stop there. Keep your head up their asses, you won‚Äôt know when you‚Äôre dead.",Kruzer60913071,cvx,2021-10-28,10,2021,2021_q4
2021-10-28 15:16:12+00:00,1453742401193906185,@Silke30551820 @RealLucyLawless @Chevron I'm thinking around 12:00.,Connie13995955,cvx,2021-10-28,10,2021,2021_q4
2021-10-28 01:40:52+00:00,1453537215305371650,"@stirednotshakn I'm  not walking..so just sayin...I'm paying..  live in NW FL PANHANDLE...had 1/2 tank of gas.. filled up at chevron...cost me 86.00
!!ü§® FCK BIDEN!! &amp; ALL THE SNOWFLAKES WHO VOTED FOR HIM!!üíØüíØ",Finsfan75082410,cvx,2021-10-28,10,2021,2021_q4
2021-10-27 23:06:05+00:00,1453498262757969930,"Come on out for some awesome food and support our Partner in Education, TY'S STAND this weekend, 10/30 from 11:30-6:00 at the Chevron on Carl-Bethlehem! https://t.co/3KeylRedd2",ApalacheeHS,cvx,2021-10-27,10,2021,2021_q4
2021-10-27 21:00:58+00:00,1453466778378641409,"Network and socialize at the annual Student Social following the President's Welcome Reception. Meet us at @theMaltBarley  at 9:00 PM. 

Tickets and ID required for entrance. 
Address: 334 Westminster St, Providence, RI 02903 

Sponsored by @Chevron #SMCStudentSocial #SNAMEMC21 https://t.co/MBQ1yY8yhY",SNAME_HQ,cvx,2021-10-27,10,2021,2021_q4
2021-10-27 16:28:44+00:00,1453398266737946626,HELL NAH RAGGEDY.. NOW THE ONE ON EL CAMINO BETTER NOT BE THIS HIGH OR i'MA BE MAD I KNOW CHEVRON ON NORTHGATE IS AT $5.00 TODAY LMAO JUST NASTY https://t.co/MI5MClkjyC,brownsand_,cvx,2021-10-27,10,2021,2021_q4
2021-10-27 05:36:28+00:00,1453234119391973385,"#Chevron broke long-term resistance level 112.16

‚Ä¢ Likely to rise to the resistance level 120.00

#WaveAnalysis

https://t.co/xcgLhakRxm",FxProGlobal,cvx,2021-10-27,10,2021,2021_q4
2021-10-26 19:38:19+00:00,1453083589122433024,"üî•üõëPress Conference 

Demand #Chevron Stop Targeting Activists

#Congress, International Groups Ask for Release of US #HumanRights Lawyer #StevenDonziger

Wed. (Tmrw)
11:00 am ET
Washington DC 
Congress  (House Triangle) https://t.co/Z2HvlADA2R",TrevorFitzgibb1,cvx,2021-10-26,10,2021,2021_q4
2021-10-26 19:28:07+00:00,1453081021390467082,"5 BEDR DUPLEX FULLY DETACHED WITH
BQ FOR SALE
N320,000,000.00
@ Chevron Drive
Luxury and Spacious 5bedroom fully Detached
Duplex with 2bed BQ sitting on 618sqm
Price N320m
Title:Cofo and Deed f Assignment
Location: NORTHERN FORESHORE ESTATE
CHEVRON DRIVE https://t.co/Id9P1KHLvA",Husseinakanni,cvx,2021-10-26,10,2021,2021_q4
2021-10-26 00:14:00+00:00,1452790580266692611,Silvie Gang will drive the 00 car next season for No Quarter Motorsport.¬†They've signed¬†Chevron as a sponsor.,BotDtss,cvx,2021-10-26,10,2021,2021_q4
2021-10-25 22:05:32+00:00,1452758251473416194,"White Arrow Mudcloth Pillow Cover, Black and White Boho Pillow Pillow Cover, Chevron Pillow, Bogolan Pillow, African Fabric Pillow #MudClothCover #MudClothPillow 
$38.00
‚û§ https://t.co/w7pZual0Jd https://t.co/m7ei31RFNi",HomeRightonline,cvx,2021-10-25,10,2021,2021_q4
2021-10-25 21:12:03+00:00,1452744792543166464,@CastellKim In LA it's over $5.00 at @Chevron,VonWolf9,cvx,2021-10-25,10,2021,2021_q4
2021-10-24 17:22:12+00:00,1452324559462469634,@Acyn @TrashPandaFTW bay area along the coast DOES NOT REPRESETN CA ITS 4.13 AND HIGH END 4.79 I LIVE NETX TO GAS STATION IN COUNTRY and it s chevron next to freeway very expensive but the regular gas stations are closest to 4.00 i still think thats high compared to 3 or 2.79 like it use to be,BubooChocky,cvx,2021-10-24,10,2021,2021_q4
2021-10-22 19:24:49+00:00,1451630642001858564,"@CharlesWriteNow A gun fight at Chevron Techron at 1:00 PM is wild, even for Oakland. Everybody was strapped!!!",swankness,cvx,2021-10-22,10,2021,2021_q4
2021-10-22 18:03:57+00:00,1451610292039917578,"Join Chevron: 2021 Great Minds in STEM Conference
Explore opportunities at the Career Fair 
Oct 21-22 7:00 am - 1:00 pm
https://t.co/YainB3DWim https://t.co/4QU4UJCPPC",cahsialliance,cvx,2021-10-22,10,2021,2021_q4
2021-10-22 03:16:35+00:00,1451386977127858183,Check out this listing I just added to my #Poshmark closet: White Chiffon Chevron Stripe Midi Dress 00 NWT. https://t.co/xXSST2IvUL #shopmycloset @poshmarkapp,thegetfitnurse,cvx,2021-10-22,10,2021,2021_q4
2021-10-21 22:59:39+00:00,1451322316747460613,"@brucewayne5687 Here in the San Francisco Bay Area it‚Äôs around $4.60, unless you go to Chevron or Shell that are higher by .30 to .40 cents as usual! I use Arco, which has always been cheaper! Anyone charging $7.00 is price gouging, and I‚Äôd report them in a hot second!",LouieLjc,cvx,2021-10-21,10,2021,2021_q4
2021-10-21 17:26:03+00:00,1451238364892450823,"@LOLOCGOP @TomScottCA @RepSteel Lmao on the word ""find."" If you didn't go waste gas to ""find"" gas for a little over 4.00 you would easily pay 5.00+ a gallon. And why didn't you post an article backing up your claim? Now head to Shell or Chevron and take pictures of the prices of the quality gas. CHEAP GAS=SMOG",tohellwithlibs,cvx,2021-10-21,10,2021,2021_q4
2021-10-20 23:28:01+00:00,1450967068761788421,"@marriedtocash_ that‚Äôs why places like chevron &amp; BP cost
$3.75-$5.00 because that‚Äôs the better grade of gas :( they knocking my mf head off in Atlanta right now. and i drive an SUV! üò≠üò≠",braqhampton,cvx,2021-10-20,10,2021,2021_q4
2021-10-20 20:26:17+00:00,1450921334460981249,@CBengard77 @NikkiHaley Not his fault and WTF kind of car are you driving. I live in San Francisco and paid $5.00 recently for Chevron premium. And it's not Biden's fault that we had a f*cking pandemic that TFG ignored just to impress people like you.,IVLoveForever,cvx,2021-10-20,10,2021,2021_q4
2021-10-20 18:48:36+00:00,1450896749275463683,@ArtValley818_ $4.79 for 89 octane. Saw another chevron a few days later selling it for over $5.00 - don‚Äôt remember exact price.,feedferalcats,cvx,2021-10-20,10,2021,2021_q4
2021-10-20 17:53:36+00:00,1450882910660161541,@ArtValley818_ $4.29.  But I've  seen two Chevron stations above $5.00.,FluffykinsT,cvx,2021-10-20,10,2021,2021_q4
2021-10-20 14:37:17+00:00,1450833505013747714,@ArtValley818_ $4.39 per gallon here in northern California. Branded stations like Shell and Chevron are at $5.00 per gal,rotter_michael,cvx,2021-10-20,10,2021,2021_q4
2021-10-20 07:45:12+00:00,1450729800000176133,@patriottakes @CarolRenza I live in San Francisco. We have the highest cost for gas than any city in the US.  I paid just under $5.00 for premium unleaded at Chevron two weeks ago. I don't drive much and it was my first purchase since January. Supply and demand. Blaming Biden for gas $? Stupidity,IVLoveForever,cvx,2021-10-20,10,2021,2021_q4
2021-10-20 04:40:30+00:00,1450683318102495233,"@o2bnobx About $ .50 range here.  Costco $4.10, Shell &amp; Arco $4.60ish, Chevron $4.80(!) ~ all for 87 regular. 

Driving about 25% more miles than last year at $1.00/Gallon more. No shortages evidently.",doug_hisey,cvx,2021-10-20,10,2021,2021_q4
2021-10-18 18:09:03+00:00,1450162024013520897,@wooknponub @POTUS 3.00.99 but that's because I only use Chevron,ZanderFromNola,cvx,2021-10-18,10,2021,2021_q4
2021-10-17 17:32:13+00:00,1449790363019923456,"Get To The Point #necklace $24.00  https://t.co/Yr1HTwF5Qt #handmade using #recycled #vintage dark brass, oval-link chain with frosted brown &amp; metallic gold glass tube beads #ecofriendly #unique #urban #chic chevron-style #gift https://t.co/UMC278aJb9",threepeats,cvx,2021-10-17,10,2021,2021_q4
2021-10-15 20:19:13+00:00,1449107615565422594,That Chevron on 6 Ave and 167th probably at $5.17 a gallon now that the rest of Miami gas stations hit $3.00+,LitKadoogan,cvx,2021-10-15,10,2021,2021_q4
2021-10-14 03:31:56+00:00,1448491737245126657,"@audfitz1 @Brick_Suit I just filled up at $3.97 a gallon. I also drive a hybrid and get 50 mph. You know in Europe, fuel is $9.00 a gallon. You also realize all pipelines are privately owned. The feds don't have any control over the fuel market. Go yell at BP, Shell, Chevron etc....",WilliamKBaker,cvx,2021-10-14,10,2021,2021_q4
2021-10-13 11:23:26+00:00,1448248006654971904,TALL Pencil Dress with Chevron Embellishment Oxblood Uk Uk 8 RRP ¬£ 85.00¬†#eBayüáµüá≠ https://t.co/MvWuHaxImq,SAPhilippines24,cvx,2021-10-13,10,2021,2021_q4
2021-10-11 18:24:38+00:00,1447629229521350661,Gas is more than $5.00 a gallon at this Chevron in PB Gardens. @cbs12 https://t.co/S2TO1lb6ZZ,PefleyAlCBS12,cvx,2021-10-11,10,2021,2021_q4
2021-10-11 16:01:07+00:00,1447593111211945984,"$CVX [15s. delayed]: Issued Press Release on October 11, 11:59:00: Chevron Announces Upsizing and Results of its Note Tender Offers https://t.co/eBb7L28Sv0",FlashAlert_me,cvx,2021-10-11,10,2021,2021_q4
2021-10-11 10:49:02+00:00,1447514573616128000,"$CVX [15s. delayed]: Issued Press Release on October 11, 06:45:00: Chevron Sets Net Zero Aspiration and New GHG Intensity Target https://t.co/oAb3pMJc9d",FlashAlert_me,cvx,2021-10-11,10,2021,2021_q4
2021-10-11 03:03:08+00:00,1447397327434657793,"Check out this product üòç Chevron Myra Bag üòç 
by TRH apparel starting at $48.00. 
Shop now üëâüëâ https://t.co/0SOiDeF8C9 https://t.co/cOu3JUewk9",karenforkin,cvx,2021-10-11,10,2021,2021_q4
2021-10-11 02:06:05+00:00,1447382969862164481,@KikiNoVax @Sandradees21 @SandyDePriest @GovRonDeSantis I'm in Southern California...unfortunately a blue state...rices are up here. My Flank steak I usually buy is up $5.00 ..Chevron has $4.95 gas. And get this...Newsom's daughter is not YET vaccinated...we find this out AFTER he made all these mandates. Imagine that!,NoserJack,cvx,2021-10-11,10,2021,2021_q4
2021-10-10 09:11:36+00:00,1447127665547231232,"I can officially say I pay $6.00 for gas at my local Chevron. Good ol California.

But inflation? Not a thing.",rauItrades,cvx,2021-10-10,10,2021,2021_q4
2021-10-09 01:22:40+00:00,1446647265670483971,@AlyR In Newport Beach Chevron fill my tank $131.00 on my BMW X5 üò©‚õΩÔ∏è,p_benally,cvx,2021-10-09,10,2021,2021_q4
2021-10-08 18:33:00+00:00,1446544170936459265,"@TPC_50 @RideTheSpiral28 @cushmanMLB Gas was cheaper in 2020, mostly because the demand was reduced. It was never $2.00 per gallon where that photo was taken- Sierra Mtn. Range, outside of Truckee or off of 50.  Not for nothing, but Chevron is always 30 cents higher per gallon than their competitors.",jwwalter1,cvx,2021-10-08,10,2021,2021_q4
2021-10-08 02:00:30+00:00,1446294399898447873,"From our online store:
Opaque Light Blue &amp; Black Silky / Gold Wash Glass Chevron Dagger Czech Glass Beads: https://t.co/3w0gtyu878
In stock for only $12.00!
If you love this, please hit that share button! Your support means the world to us! ‚ù§Ô∏è https://t.co/rua7Gq4VZt",AllegoryGallery,cvx,2021-10-08,10,2021,2021_q4
2021-10-07 22:34:00+00:00,1446242431595208704,"Tap Into Giving returns to the Tap and Mallet!!

Thursday October 21 - 5:00 PM to 8:00 PM
https://t.co/DyrlF9ElSi

Who will the bartenders be? Bartender #3 is:

Gita Ramachandran (2x Returning CPGR Board favorite bartender)

joining - 

Diane Chevron 
Angie Walker https://t.co/PGwyjccHJY",CommPlaceGR,cvx,2021-10-07,10,2021,2021_q4
2021-10-07 14:55:07+00:00,1446126951794495493,Truist Boosts Chevron $CVX Price Target to $150.00 https://t.co/N8VUUXZfpE #stocks,AmericanBanking,cvx,2021-10-07,10,2021,2021_q4
2021-10-06 13:06:29+00:00,1445737223429574669,"$CVX [15s. delayed]: Issued Press Release on October 06, 09:00:00: Chevron Phillips Chemical announces executive leadership changes https://t.co/hk3YkKIicM",FlashAlert_me,cvx,2021-10-06,10,2021,2021_q4
2021-10-05 16:02:40+00:00,1445419173698547714,"Avoid the Common Pitfalls of Women Leaders
October 18, 2021 | 5:30-6:00 APM PT | Virtual
Register: https://t.co/wXX2FVuSAc

Chevron‚Äôs Charlotte Gerstner, who will share compelling data then facilitate a panel of coaches on their experience coaching women through these challenges. https://t.co/8LVvaX8lT8",LeadershipCalif,cvx,2021-10-05,10,2021,2021_q4
2021-10-03 12:33:09+00:00,1444641672630046724,"Also in the leading chase pack is Calvin Lehn. A native of Rosemount &amp; the 2018 Medtronic TC 10 Mile open division Champion, Lehn was a DIII All-American in cross country in 2015 for @StOlafMXCTF, and more recently ran 1:07:00 at the 2020 Chevron Houston Half Marathon. #tc10mile",tcmarathon,cvx,2021-10-03,10,2021,2021_q4
2021-10-01 22:17:41+00:00,1444063998224252932,"Looking forward to joining the virtual panel discussion on 30 years of U.S.-Kazakhstan relations featuring distinguished speakers from üá∞üáøMinistry of National Economy, @USChamber @Chevron @ITICWashington @AIFC_KZ. 
üóìÔ∏è October 6
‚åö10:00 am ET 
Register here: https://t.co/FyuwlRw03n https://t.co/sxbSUAZm7S",KZAmbUS,cvx,2021-10-01,10,2021,2021_q4
2021-10-01 18:01:53+00:00,1443999624906346525,"Avoid the Common Pitfalls of Women Leaders
October 18, 2021 | 5:30-6:00 APM PT | Virtual
Register: https://t.co/wXX2FVuSAc

Chevron‚Äôs Charlotte Gerstner, who will share compelling data then facilitate a panel of coaches on their experience coaching women through these challenges. https://t.co/wGU3R5GzAp",LeadershipCalif,cvx,2021-10-01,10,2021,2021_q4
2021-09-30 16:03:40+00:00,1443607485181530113,"$CVX [15s. delayed]: Issued Press Release on September 30, 12:00:00: Advisory: Chevron Corporation‚Äôs 3Q 2021 Earnings Conference Call and Webcast https://t.co/9JJqhkMyOS",FlashAlert_me,cvx,2021-09-30,9,2021,2021_q3
2021-09-30 15:05:35+00:00,1443592870947180546,"$CVX [15s. delayed]: Issued Press Release on September 30, 11:00:00: Chevron Announces Leadership Changes https://t.co/PjLVAvywqj",FlashAlert_me,cvx,2021-09-30,9,2021,2021_q3
2021-09-29 18:23:39+00:00,1443280328370507776,"@DanPriceSeattle In 2012 when I worked at Chevron, minimum wage was $8.00 I was making $8.25, minimum wage now is $13 and Chevron is offering $17.50 + $18.00 and they can't find workers. ü§∑‚Äç‚ôÄÔ∏è",LaSisteriniti,cvx,2021-09-29,9,2021,2021_q3
2021-09-29 18:00:44+00:00,1443274560456044553,"** FROM THE NUFORC ARCHIVE **  
Essex,MA 
08/13/2017 19:30:00 
Chevron appears north of Boston. #ufotwitter  
https://t.co/NqiuEyrm6g https://t.co/grDRyM8Ylb",UFO_Report_Bot,cvx,2021-09-29,9,2021,2021_q3
2021-09-29 17:01:09+00:00,1443259565831770112,"Check out this product üòç White Chevron Waffle Top üòç 
by The Modern Luxe Boutique starting at $27.00. 
Shop now üëâüëâ https://t.co/gGmtDAnJWa https://t.co/zDa6W5Gg5Z",kileyduvall7096,cvx,2021-09-29,9,2021,2021_q3
2021-09-29 05:33:25+00:00,1443086492750868480,"#Sustainabilityüåè #Media üóûÔ∏è #BanPlasticNowüõ¢Ô∏è #SWDüï∏Ô∏è #Green2Stayüå± The story of plastic (Full Documentary #Discovery  Thankyou (Under 124:00 Min Video)  Watching This Now ,*Live ,Join Me #Exxon #Chevron #Conoco #Phillips #Shell #DowDupont  # #ClimateüéØüíö https://t.co/R39QYVaUq1 https://t.co/wbhewskJoe",Green2StayEco,cvx,2021-09-29,9,2021,2021_q3
2021-09-28 02:38:23+00:00,1442680053301583873,"""At around 9:00 a.m. on Saturday, when the military started firing heavy weapons, our houses were all shaken. Afterwards, the whole village fled.We took some clothes, rice, oil and salt and fled by boat.""
https://t.co/TaHHw6r60y
#WhatsHappeninglnMyanmar #Chevron_StopSponsoringSAC",KhinSabalMyint2,cvx,2021-09-28,9,2021,2021_q3
2021-09-27 14:55:57+00:00,1442503283340349440,"@ksorbs Kevin,, what‚Äôs that Chevron stations gas gone up to? The one that was at 5.00 first of the year.. there‚Äôs another one by the Beverly Center.. curious if it‚Äôs up to high 6 or 7 per gallon",2_drac,cvx,2021-09-27,9,2021,2021_q3
2021-09-27 14:39:52+00:00,1442499233001656321,"üö®Critical Missing Person Alertüö®

DESCRIPTION:
Katrina Windsor
24-year-old B/F
HGT: 5‚Äô4‚Äù WGT: 260lbs
¬†
LOCATION LAST SEEN:
Chevron Gas Station at
2161 Bessemer Rd around 10:00 PM on Wednesday, September 15, 2021. https://t.co/lVqS5wybkM",BhamPolice,cvx,2021-09-27,9,2021,2021_q3
2021-09-26 05:25:24+00:00,1441997310536323072,"From 5:00 this morning, not only the #Internet but also the #telephone_line was cut off by military council in #Cawlin , #WunTho and #Pinlalbu Townships. 

@TotalEnergies @Chevron
#InternetShutDown
#WhatsHappeningInMyanmar 
#Sep26Coup
#FreezePaymentsToJunta 
#UN_RecognizeNUG https://t.co/kMpQIPgWEY",Mnla98479375,cvx,2021-09-26,9,2021,2021_q3
2021-09-24 04:53:25+00:00,1441264487000985603,TALL Pencil Dress with Chevron Embellishment Oxblood Uk Uk 8 RRP ¬£ 85.00¬†#eBay https://t.co/MvWuHaPjdY,SAPhilippines24,cvx,2021-09-24,9,2021,2021_q3
2021-09-22 18:31:25+00:00,1440745565524926470,"Exxon, Chevron not disclosing payments to some governments -transparency group - Reuters https://t.co/vU1JPTI3h1 by @ReutersTech 2021-09-22 18:17:00",FintechBot,cvx,2021-09-22,9,2021,2021_q3
2021-09-22 02:00:19+00:00,1440496146145689604,"From our online store:
Frosted Honey Back Glow with Metallic Gold Wash Glass Chevron Dagger Czech Glass Beads: https://t.co/kS64aLNwFH
In stock for only $9.00!
If you love this, please hit that share button! Your support means the world to us! ‚ù§Ô∏è https://t.co/EsjtNMs2rQ",AllegoryGallery,cvx,2021-09-22,9,2021,2021_q3
2021-09-21 14:01:02+00:00,1440315135415885835,"** FROM THE NUFORC ARCHIVE **  
Montreal (Canada),QC 
06/18/2014 19:00:00 
I saw a chevron shape UFO and few seconds after I saw a group of 7 and 5 round shape object following the main base UFO this is 120 tim #ufotwitter  
https://t.co/24MgJG9nA0 https://t.co/fwqso46RhK",UFO_Report_Bot,cvx,2021-09-21,9,2021,2021_q3
2021-09-21 04:17:30+00:00,1440168282468667397,"White Arrow Mudcloth Pillow Cover, Black and White Boho Pillow Pillow Cover, Chevron Pillow, Bogolan Pillow, African Fabric Pillow #MudClothPillow #MudClothCover 
$38.00
‚û§ https://t.co/w7pZua3pkD https://t.co/rQTjDizC8a",HomeRightonline,cvx,2021-09-21,9,2021,2021_q3
2021-09-21 00:07:31+00:00,1440105374992850947,"00:55 #YonkersHarness

1st 1 Velocity Komodo 7/2
2nd 5 Black Chevron N 5/1
3rd 4 Bettor Notbitter A 20/1

8 Ran.
Forecast: $22.23",PluckierApp,cvx,2021-09-21,9,2021,2021_q3
2021-09-20 17:10:15+00:00,1440000363306917895,Women‚Äôs J. CREW Plaid Beaded Chevron Popover Shirt Green Navy Black Size 00¬†#eBay https://t.co/5jKgFGV3Z4,SAClothingPro,cvx,2021-09-20,9,2021,2021_q3
2021-09-20 11:00:41+00:00,1439907358499475458,"From our online store:
Frosted Mauve Lustered Metallic Copper Wash Glass Chevron Dagger Czech Glass Beads: https://t.co/oqlBonQ3bI
In stock for only $11.00!
If you love this, please hit that share button! Your support means the world to us! ‚ù§Ô∏è https://t.co/HHYOI6K3hM",AllegoryGallery,cvx,2021-09-20,9,2021,2021_q3
2021-09-19 17:25:32+00:00,1439641822637219847,"Thanks to everyone who attended our @Chevron tech talk!

This week‚Äôs general meeting is on Tuesday, Sept. 21 at 6 PM. We'll cover the basics of classification and using the sklearn library!

Our reading group meeting will also be at 7:00 PM with a TBD paper. See y‚Äôall there! üëÄ https://t.co/dKSDbcfxSC",MldsUt,cvx,2021-09-19,9,2021,2021_q3
2021-09-17 21:00:09+00:00,1438971056430194698,"It‚Äôs time for some adventures! We‚Äôve lowered our RV and boat loan rates a full 1.00% on 120- and 180-month terms. 
Learn more: https://t.co/Pp2HEnzeb7
#creditunioncommunity #chevron #adventure #roadtrips https://t.co/iD4yej6hck",ChevronFCU,cvx,2021-09-17,9,2021,2021_q3
2021-09-17 15:20:01+00:00,1438885461410385924,"Statement Hoop Earrings, Large Size Printed Chevron Patterned Plastic Dangles, Hand Crafted Earrings in Bold Colors, Wire Wrapped Seed Beads #StatementEarrings #LargeHoops 
$25.00
‚û§ https://t.co/2fG48N8XsO https://t.co/mEFCHfQl4g",hvaradhan,cvx,2021-09-17,9,2021,2021_q3
2021-09-16 16:51:00+00:00,1438545967108739075,"The company is backed by both Chevron and Hyzon and will be making up to 2,00 metric tons per year. Republic Services, a waste company, announced an arrangement with Raven SR... READ More

#chevron #GreenH2 #greenh2California #greenH2production #HYZON

https://t.co/fU4hOEzqTL https://t.co/tblDE7pr45",hydrogenfuelnew,cvx,2021-09-16,9,2021,2021_q3
2021-09-16 12:29:02+00:00,1438480042812641282,Media Update: Briefing time 8:00 a.m. Meet Ofc. Parker at the Chevron located on corner of Monterey Oaks/290. _PIO80,Austin_Police,cvx,2021-09-16,9,2021,2021_q3
2021-09-15 13:19:04+00:00,1438130246629433348,Chevron $CVX Price Target Cut to $107.00 by Analysts at Wells Fargo &amp; Company https://t.co/nt4shKMQ1A #stocks,AmericanBanking,cvx,2021-09-15,9,2021,2021_q3
2021-09-15 04:58:59+00:00,1438004397263540227,"DeSantis fined $10,000,000,000.00 for warming the globe with hot air faster than Shell and Chevron could ever manage. https://t.co/bXKCNvDt0Z",MarenHofstad,cvx,2021-09-15,9,2021,2021_q3
2021-09-14 15:37:33+00:00,1437802708396773378,"#News Chevron to Triple Low-Carbon Investment: ¬†Source: Chevron to Triple Low-Carbon Investment Discovered on: 2021-09-14 14:59:00 Chevron Corp. is tripling spending in its new low-carbon unit, which Chief Executive Mike Wirth said he increasingly sees‚Ä¶ https://t.co/GAWMUoUAvx https://t.co/PcQa9e8r2t",BizJournalBiz,cvx,2021-09-14,9,2021,2021_q3
2021-09-14 13:56:01+00:00,1437777156281716746,üìÖ $CVX: Chevron Chevron Corp Virtual Energy Transition Spotlight event starting soon (10:00 AM) https://t.co/NtfppYVaux,AieraAlerts,cvx,2021-09-14,9,2021,2021_q3
2021-09-14 11:40:15+00:00,1437742992257806343,"Some morning news! Chevron triples its low-carbon investment to $10 bln through 2028. $CVX energy transition conf will take place at 7:00 a.m. ET today.  Stay tuned for more updates from @sabrinavalle who will be covering the event. 

https://t.co/F5ahooVmVz",Aru_Kumar94,cvx,2021-09-14,9,2021,2021_q3
2021-09-14 10:49:27+00:00,1437730206383489030,"$CVX [15s. delayed]: Issued Press Release on September 14, 06:45:00: Chevron Accelerates Lower Carbon Ambitions https://t.co/Q913sRvoCD",FlashAlert_me,cvx,2021-09-14,9,2021,2021_q3
2021-09-13 13:05:29+00:00,1437402052347539457,"$EPD [15s. delayed]: Issued Press Release on September 13, 09:00:00: Chevron, Enterprise Explore Carbon Storage Business Opportunities https://t.co/klVoxdeKH3",FlashAlert_me,cvx,2021-09-13,9,2021,2021_q3
2021-09-11 09:13:09+00:00,1436618808479911936,Torrid Chevron Stiped Tube Top Black and White Size 00¬†#eBay https://t.co/1y4VBYaVHo,SAClothingPro,cvx,2021-09-11,9,2021,2021_q3
2021-09-10 07:55:56+00:00,1436236989070823426,"3 bedroom terrace duplex for rent 
Location:Victoria Crest1Estate orchid Road opposite Chevron 
Rent :2.7 million 
Agency:10%
Agreement;10%
Caution:200k
Service Charge :50,000 monthly 600,00 yearly 
NB: Generator not allowed
24 hours power supply avaliable",its_emyce,cvx,2021-09-10,9,2021,2021_q3
2021-09-09 14:40:55+00:00,1435976517864075269,$gevo up 28%.. joins with chevron üí∞üí∞üí∞üî•üî•üî• lots of upside ... was up to 15.00 before,LiVVinLife,cvx,2021-09-09,9,2021,2021_q3
2021-09-09 13:04:13+00:00,1435952179995684867,"$GEVO [15s. delayed]: Issued Press Release on September 09, 09:00:00: Chevron, Gevo Announce Intent to Pursue Sustainable Aviation Fuel Investment https://t.co/4ozRqqL6i2",FlashAlert_me,cvx,2021-09-09,9,2021,2021_q3
2021-09-08 20:05:48+00:00,1435695890631639042,"$CVX [15s. delayed]: Issued Press Release on September 08, 16:00:00: Chevron, Caterpillar announce collaboration agreement on hydrogen https://t.co/Q5A9i5Ju2P",FlashAlert_me,cvx,2021-09-08,9,2021,2021_q3
2021-09-08 20:05:32+00:00,1435695821308190723,"$CVX [15s. delayed]: Issued Press Release on September 08, 16:00:00: Chevron, Caterpillar Announce Collaboration Agreement on Hydrogen https://t.co/UTU12Ordkq",FlashAlert_me,cvx,2021-09-08,9,2021,2021_q3
